2024-03-08 20:52:07,BTCUSDT,68561.44,"['BUY', 'STRONG_BUY', 'STRONG_BUY', 'BUY', 'STRONG_BUY', 'STRONG_BUY']","[0.41802927, 1.14843402, 1.43714063, 2.60128297, 8.63116359, 12.15498263]","[59.07598127, 63.87526151, 63.84565045, 75.33559348, 88.23334625, 75.85904893]","[393.07273529, 614.99120588, 1903.63173529, 12253.92294118, 16922.5305, 13069.61702941]","[641.01581, 3996.69592, 14959.05619, 55326.743702, 404596.699832, 506864.280182]"
2024-03-08 20:52:16,ETHUSDT,3962.03,"['STRONG_BUY', 'STRONG_BUY', 'STRONG_BUY', 'STRONG_BUY', 'STRONG_BUY', 'STRONG_BUY']","[0.601824, 1.49291952, 1.60610139, 2.4111147, 13.59649752, 18.62045634]","[56.82564683, 60.31398537, 65.22305403, 85.58486689, 84.73326573, 72.57827648]","[-14.87091176, 54.32058824, 238.24, 728.31905882, 889.06170588, 334.02817647]","[9023.2266, 32086.9547, 125080.1826, 519309.6404, 4137834.1242, 5176239.1773]"
2024-03-08 20:52:29,BNBUSDT,481.7,"['BUY', 'BUY', 'STRONG_BUY', 'STRONG_BUY', 'STRONG_BUY', 'STRONG_BUY']","[-0.08298755, 0.62682825, 1.88280093, 1.53878583, 16.21230398, 20.60590886]","[55.2513735, 63.94676096, 72.56686045, 77.35954229, 85.2390382, 65.62292196]","[2.97705882, 16.99617647, 45.48558824, 62.72617647, 106.18823529, -9.07058824]","[8075.693, 66858.239, 242216.257, 1378583.581, 7974066.598, 9988940.098]"
2024-03-08 20:52:38,SOLUSDT,148.77,"['STRONG_BUY', 'STRONG_BUY', 'BUY', 'STRONG_BUY', 'STRONG_BUY', 'STRONG_BUY']","[-0.25429967, 0.45831368, 2.54557964, 3.42022941, 14.29778734, 18.37205602]","[54.82189788, 58.16970854, 62.96729985, 75.70738885, 79.02103747, 73.99241903]","[0.36579412, 2.75541176, 11.75276471, 21.02432353, 54.55482353, 28.61364706]","[43601.96, 336691.73, 1452030.77, 6560838.59, 52182024.86999999, 70480278.75999998]"
2024-03-08 20:53:02,USDCUSDT,0.9982,"['SELL', 'SELL', 'STRONG_SELL', 'STRONG_SELL', 'STRONG_SELL', 'STRONG_SELL']","[0.02004008, -0.01001703, -0.03004507, -0.01001703, -0.13006503, -0.12007204]","[45.67794277, 43.09724796, 41.91461416, 37.9318705, 39.48293933, 40.36665951]","[-0.00033706, -0.00095206, -0.00111206, -0.00139147, 0.00255676, -0.05183941]","[6773593, 50195955, 150453313, 859649642, 5702035963, 7602328890]"
2024-03-08 20:53:18,DOGEUSDT,0.16915,"['STRONG_BUY', 'STRONG_BUY', 'STRONG_BUY', 'STRONG_BUY', 'STRONG_BUY', 'STRONG_BUY']","[0.20300931, 2.19343176, 3.77554767, 7.33549083, 10.21698052, 44.17831572]","[52.88534153, 58.40904609, 56.91268218, 74.87612625, 82.88077229, 63.58064872]","[-0.00086797, 0.00688406, 0.00458553, 0.06076524, 0.02825941, -0.02104594]","[21017459, 155770742, 536588990, 4087794343, 34491731123, 52516584287]"
2024-03-08 20:56:08,BTCUSDT,68709.99,"['BUY', 'STRONG_BUY', 'STRONG_BUY', 'BUY', 'STRONG_BUY', 'STRONG_BUY']","[0.62390352, 1.35580573, 1.64510423, 2.82358607, 8.86653145, 12.39798544]","[60.28109463, 64.94113372, 64.36570652, 75.49310845, 88.28169561, 75.91110021]","[395.18461765, 617.10308824, 1905.74361765, 12253.92294118, 16922.5305, 13069.61702941]","[988.7645, 4344.44461, 15306.80488, 55660.611712, 404930.567842, 507198.148192]"
2024-03-08 20:56:18,ETHUSDT,3957.11,"['STRONG_BUY', 'STRONG_BUY', 'STRONG_BUY', 'STRONG_BUY', 'STRONG_BUY', 'STRONG_BUY']","[0.48354058, 1.37358838, 1.44203038, 2.28394184, 13.45543479, 18.47315491]","[56.05405643, 59.71367043, 64.90958065, 85.52048501, 84.70163938, 72.54730919]","[-14.87091176, 54.32058824, 238.24, 728.31905882, 889.06170588, 334.02817647]","[11639.8814, 34703.6095, 128090.9725, 521996.8247, 4140521.3085, 5178926.3616]"
2024-03-08 20:56:33,BNBUSDT,482.9,"['BUY', 'BUY', 'STRONG_BUY', 'STRONG_BUY', 'STRONG_BUY', 'STRONG_BUY']","[0.14522822, 0.85666527, 2.11550666, 1.79173693, 16.50180941, 20.90635954]","[56.7869663, 64.67314063, 72.87178379, 77.51252688, 85.30477912, 65.68821878]","[2.94294118, 16.99617647, 45.48558824, 62.72617647, 106.18823529, -9.07058824]","[12114.592, 70897.138, 246255.156, 1382402.912, 7977885.929, 9992759.429]"
2024-03-08 20:56:41,SOLUSDT,150.35,"['STRONG_BUY', 'STRONG_BUY', 'BUY', 'STRONG_BUY', 'STRONG_BUY', 'STRONG_BUY']","[0.54205983, 1.26036261, 3.36429309, 4.51859576, 15.51167793, 19.62921706]","[58.5538406, 60.23227642, 63.88517376, 76.32136386, 79.28026738, 74.19073493]","[0.41782353, 2.84326471, 11.84061765, 21.02432353, 54.55482353, 28.61364706]","[108831.36, 401921.13, 1517260.17, 6627011.74, 52248198.01999999, 70546451.90999998]"
2024-03-08 20:57:05,USDCUSDT,0.9984,"['SELL', 'SELL', 'STRONG_SELL', 'STRONG_SELL', 'STRONG_SELL', 'STRONG_SELL']","[0.03006012, 0, -0.02003005, 0.01001703, -0.11005503, -0.10006004]","[47.73551135, 44.39464276, 42.73101183, 39.84861174, 40.46835314, 41.25591587]","[-0.00032853, -0.00094353, -0.00111206, -0.00139147, 0.00255676, -0.05183941]","[10184800, 53607162, 153864520, 863174654, 5705560975, 7605853902]"
2024-03-08 20:57:21,DOGEUSDT,0.16931,"['STRONG_BUY', 'STRONG_BUY', 'STRONG_BUY', 'STRONG_BUY', 'STRONG_BUY', 'STRONG_BUY']","[0.92548364, 1.85598072, 3.43287235, 7.43702012, 10.32123542, 44.31469485]","[55.41463726, 57.77104859, 56.6135049, 74.91390055, 82.90205256, 63.60068592]","[-0.00073576, 0.00688406, 0.00458553, 0.06076524, 0.02825941, -0.02104594]","[44252220, 170925126, 551743374, 4106993974, 34510930754, 52535783918]"
2024-03-08 22:27:35,BNBUSDT,485.8,"['BUY', 'BUY', 'STRONG_BUY', 'STRONG_BUY', 'STRONG_BUY', 'STRONG_BUY']","[0, 0, 2.6655384, 2.40303541, 17.20144753, 21.63244867]","[60.05346802, 66.39647508, 73.56625542, 77.87384128, 85.46126118, 65.845]","[4.87558824, 13.47, 45.67323529, 62.72617647, 106.18823529, -9.07058824]","[14201.679, 26354.206, 336735.662, 1473756.365, 8069239.382, 10084112.882]"
2024-03-08 22:28:04,USDCUSDT,0.9982,"['SELL', 'STRONG_SELL', 'STRONG_SELL', 'STRONG_SELL', 'STRONG_SELL', 'STRONG_SELL']","[0.01001904, 0, -0.03004507, -0.01001703, -0.13006503, -0.12007204]","[45.94240644, 43.29451866, 41.91461416, 37.9318705, 39.48293933, 40.36665951]","[-0.00010324, -0.00094441, -0.00111206, -0.00139147, 0.00255676, -0.05183941]","[9208493, 13438457, 202706803, 911957978, 5754344299, 7654637226]"
2024-03-08 22:28:20,DOGEUSDT,0.16791,"['BUY', 'BUY', 'STRONG_BUY', 'STRONG_BUY', 'STRONG_BUY', 'STRONG_BUY']","[-0.54466876, -0.54466876, 2.79647534, 6.54863887, 9.40900502, 43.12137743]","[51.50230856, 55.7783836, 56.04672333, 74.57947271, 82.71403666, 63.42460927]","[0.00060709, 0.0049845, 0.00459235, 0.06076524, 0.02825941, -0.02104594]","[23251523, 42218076, 736978837, 4292685079, 34696621859, 52721475023]"
2024-03-08 22:43:51,BNBUSDT,483.2,"['BUY', 'BUY', 'STRONG_BUY', 'STRONG_BUY', 'STRONG_BUY', 'STRONG_BUY']","[-0.51461507, -0.41211622, 2.24243706, 1.8549747, 16.57418577, 20.98147221]","[54.97010797, 63.81750848, 73.03526576, 77.55045053, 85.32112295, 65.70450424]","[4.48382353, 13.45294118, 45.69882353, 62.72617647, 106.18823529, -9.07058824]","[12750.75, 43288.826, 353670.282, 1490224.608, 8085707.625, 10100581.125]"
2024-03-08 22:44:18,USDCUSDT,0.9981,"['SELL', 'STRONG_SELL', 'STRONG_SELL', 'STRONG_SELL', 'STRONG_SELL', 'STRONG_SELL']","[0.01001904, -0.01001803, -0.04006009, -0.02003406, -0.14007004, -0.13007805]","[46.13823873, 41.95668648, 41.12882704, 37.21848839, 39.00801225, 39.93625375]","[-0.00014118, -0.00094441, -0.00111206, -0.00139147, 0.00255676, -0.05183941]","[7192029, 21843831, 211112177, 920293682, 5762680003, 7662972930]"
2024-03-08 22:59:45,BTCUSDT,68819.2,"['BUY', 'STRONG_BUY', 'STRONG_BUY', 'BUY', 'STRONG_BUY', 'STRONG_BUY']","[0.24243576, 0.2921053, 1.71660929, 2.98701738, 9.03956763, 12.57663463]","[59.40195683, 65.65218364, 64.54108024, 75.60763201, 88.3169881, 75.94922399]","[550.14667647, 763.39323529, 1911.56494118, 12253.92294118, 16922.5305, 13069.61702941]","[740.10468, 3029.16972, 22303.43554, 62661.960202, 411931.916332, 514199.496682]"
2024-03-08 23:00:05,BNBUSDT,484.5,"['BUY', 'BUY', 'STRONG_BUY', 'STRONG_BUY', 'STRONG_BUY', 'STRONG_BUY']","[0.14474773, -0.20605811, 2.45398773, 2.12900506, 16.88781665, 21.30696044]","[56.88496129, 65.08145279, 73.30340065, 77.71331898, 85.39152814, 65.77489631]","[3.80147059, 13.43588235, 45.69882353, 62.72617647, 106.18823529, -9.07058824]","[10343.295, 54086.785, 364468.241, 1501050.339, 8096533.356, 10111406.856]"
2024-03-08 23:00:31,USDCUSDT,0.998,"['SELL', 'STRONG_SELL', 'SELL', 'STRONG_SELL', 'STRONG_SELL', 'STRONG_SELL']","[0, 0, 0, -0.03005109, -0.15007504, -0.14008405]","[38.93968471, 39.51462506, 39.64244694, 36.531444, 38.54437485, 39.51492948]","[-0.00029353, -0.00039294, -0.00127941, -0.00139147, 0.00255676, -0.05183941]","[21, 21, 21, 934366061, 5776752382, 7677045309]"
2024-03-08 23:16:16,BNBUSDT,485.7,"['BUY', 'BUY', 'STRONG_BUY', 'STRONG_BUY', 'STRONG_BUY', 'STRONG_BUY']","[0.02060157, 0.20639835, 0.26831785, 2.38195616, 17.17732207, 21.60741112]","[59.03741815, 66.0669144, 73.72149833, 77.86157555, 85.45592075, 65.83961761]","[3.10970588, 13.41058824, 46.39794118, 62.72617647, 106.18823529, -9.07058824]","[367.595, 17307.978, 17686.778, 1518768.863, 8114251.88, 10129125.38]"
2024-03-08 23:16:25,SOLUSDT,148.04,"['BUY', 'BUY', 'STRONG_BUY', 'STRONG_BUY', 'STRONG_BUY', 'STRONG_BUY']","[-0.07426912, 0.135318, 0.135318, 2.91275634, 13.73693915, 17.79121579]","[51.06138453, 55.04884055, 62.13050503, 75.41283258, 78.89906313, 73.89975905]","[-0.81232353, 1.55167647, 11.94070588, 21.02432353, 54.55482353, 28.61364706]","[4959.8, 80553.62, 80553.62, 7146644.27, 52767830.55, 71066084.43999998]"
2024-03-08 23:16:44,USDCUSDT,0.9979,"['SELL', 'STRONG_SELL', 'SELL', 'STRONG_SELL', 'STRONG_SELL', 'STRONG_SELL']","[0, 0, 0, -0.04006812, -0.16008004, -0.15009005]","[38.93968471, 39.51462506, 39.64244694, 35.86930521, 38.09162929, 39.10240228]","[-0.00036382, -0.00044412, -0.00133059, -0.00139147, 0.00255676, -0.05183941]","[148783, 15491781, 15491781, 949802638, 5792188959, 7692481886]"
2024-03-08 23:16:59,DOGEUSDT,0.17109,"['BUY', 'STRONG_BUY', 'STRONG_BUY', 'STRONG_BUY', 'STRONG_BUY', 'STRONG_BUY']","[0.03512058, 1.92032443, 1.92032443, 8.56653341, 11.48107122, 45.83191272]","[59.05698814, 59.45884515, 57.72357956, 75.32660462, 83.13527601, 63.82212173]","[0.00070021, 0.00529006, 0.00509679, 0.06076524, 0.02825941, -0.02104594]","[3229144, 58150518, 58150518, 4394658899, 34798595679, 52823448843]"
2024-03-08 23:31:38,BTCUSDT,69110,"['BUY', 'STRONG_BUY', 'STRONG_BUY', 'BUY', 'STRONG_BUY', 'STRONG_BUY']","[0.11360934, 0.32356534, 0.32356534, 3.42219571, 9.5003214, 13.05233451]","[62.40167599, 68.12655057, 65.67864309, 75.90742526, 88.40993511, 76.05015245]","[764.99955882, 808.08867647, 2118.01164706, 12253.92294118, 16922.5305, 13069.61702941]","[86.92957, 3217.18986, 3217.18986, 65939.954412, 415209.910542, 517477.490892]"
2024-03-08 23:32:23,USDCUSDT,0.9974,"['STRONG_SELL', 'STRONG_SELL', 'STRONG_SELL', 'STRONG_SELL', 'STRONG_SELL', 'STRONG_SELL']","[-0.01002506, -0.05010522, -0.05010522, -0.09015326, -0.21010505, -0.20012007]","[29.84020356, 34.16139734, 36.12729801, 32.88873494, 35.9785911, 37.1625575]","[-0.00049824, -0.00044412, -0.00133059, -0.00139147, 0.00255676, -0.05183941]","[2931430, 28530142, 28530142, 962807588, 5805193909, 7705486836]"
2024-03-08 23:32:39,DOGEUSDT,0.17159,"['STRONG_BUY', 'STRONG_BUY', 'STRONG_BUY', 'STRONG_BUY', 'STRONG_BUY', 'STRONG_BUY']","[0.56791569, 2.43916985, 2.43916985, 8.88381242, 11.80686779, 46.25809751]","[61.0883495, 60.46095602, 58.19678355, 75.44010105, 83.19964795, 63.88383893]","[0.00141206, 0.00540947, 0.00521621, 0.06076524, 0.02825941, -0.02104594]","[6534434, 119952092, 119952092, 4455763541, 34859700321, 52884553485]"
2024-03-08 23:32:47,SHIBUSDT,3.555e-05,"['STRONG_BUY', 'STRONG_BUY', 'BUY', 'BUY', 'STRONG_BUY', 'STRONG_BUY']","[0.67911715, 1.59908624, 1.54197601, 12.85714286, 57.85968028, 183.04140127]","[54.30716078, 58.49491436, 58.27900559, 83.87622086, 91.97374938, 69.63276831]","[-1.2e-07, 1.79e-06, 2.92e-06, 1.921e-05, 6.11e-06, -1.89e-06]","[30680494376, 591799803874, 595624812963, 36639717263593.01, 319847667936941.9, 458993696588580.9]"
2024-03-08 23:33:31,WBTCUSDT,69208.56,"['BUY', 'STRONG_BUY', 'STRONG_BUY', 'BUY', 'STRONG_BUY', 'STRONG_BUY']","[0.31560721, 0.49945828, 0.49945828, 3.19208799, 9.68964365, 13.28351767]","[61.94213387, 66.43208539, 65.56927908, 76.43225454, 88.82978555, None]","[680.23670588, 821.73029412, 2166.23352941, 12331.72835294, 16847.78620588, None]","[0.02841, 1.87272, 1.87272, 27.99124, 191.87425, 294.9157]"
2024-03-08 23:33:50,BCHUSDT,435.9,"['STRONG_BUY', 'STRONG_BUY', 'STRONG_BUY', 'BUY', 'BUY', 'STRONG_BUY']","[0.27605245, 0.55363322, 0.55363322, 0.90277778, -7.35387885, 46.47177419]","[54.73905007, 55.83694105, 55.96313468, 67.85254294, 73.9460063, 62.84827194]","[0.73647059, 2.08294118, -3.02205882, 121.81411765, 78.00441176, 4.55338235]","[314.872, 4302.555, 4302.555, 181367.358, 1495821.486, 3410805.309]"
2024-03-08 23:35:40,RNDRUSDT,10.53,"['BUY', 'BUY', 'STRONG_BUY', 'STRONG_BUY', 'STRONG_BUY', 'STRONG_BUY']","[-0.29347723, 0.14262622, 0.14262622, 5.69105691, 39.32257211, 39.87778959]","[56.35630973, 65.98250212, 70.65904707, 78.26581074, 90.09090297, 75.25261461]","[0.32757059, 0.58516176, 1.6922, 2.10258529, 3.29040588, None]","[22043.18, 193209.13, 193209.13, 16301672.82, 106928448.64000043, 140899953.27000043]"
2024-03-08 23:49:09,BTCUSDT,69224.14,"['BUY', 'STRONG_BUY', 'STRONG_BUY', 'BUY', 'STRONG_BUY', 'STRONG_BUY']","[0.22386141, 0.52298741, 0.52298741, 3.5930047, 9.68116884, 13.23904835]","[64.04207619, 69.13638639, 66.17155684, 76.02309095, 88.44601423, 76.08953611]","[865.14297059, 808.08867647, 2118.01164706, 12253.92294118, 16922.5305, 13069.61702941]","[226.41594, 4239.41869, 4239.41869, 66956.810682, 416226.766812, 518494.347162]"
2024-03-08 23:49:55,USDCUSDT,0.9977,"['SELL', 'STRONG_SELL', 'SELL', 'STRONG_SELL', 'STRONG_SELL', 'STRONG_SELL']","[0.05013537, -0.01002104, -0.01002104, -0.05008514, -0.18009005, -0.17010206]","[42.9411692, 38.31383868, 38.88573847, 35.23074187, 37.21731373, 38.30265954]","[-0.00057706, -0.00045265, -0.00133912, -0.00139147, 0.00255676, -0.05183941]","[4229371, 51514508, 51514508, 985609054, 5829182098, 7729475025]"
2024-03-08 23:50:11,DOGEUSDT,0.17154,"['BUY', 'STRONG_BUY', 'STRONG_BUY', 'STRONG_BUY', 'STRONG_BUY', 'STRONG_BUY']","[0.13426737, 2.29604008, 2.29604008, 8.85208452, 11.77428813, 46.21547903]","[60.58323958, 60.18949383, 58.06730586, 75.42879841, 83.19323288, 63.87767669]","[0.00218626, 0.00542141, 0.00522815, 0.06076524, 0.02825941, -0.02104594]","[10946001, 163379158, 163379158, 4499474360, 34903411140, 52928264304]"
2024-03-08 23:50:18,SHIBUSDT,3.618e-05,"['STRONG_BUY', 'STRONG_BUY', 'BUY', 'BUY', 'STRONG_BUY', 'STRONG_BUY']","[0.8654383, 3.16961736, 3.16961736, 14.85714286, 60.65719361, 188.05732484]","[59.58259857, 61.03044875, 59.28376336, 84.25294716, 92.13697724, 69.91888335]","[6e-08, 1.83e-06, 2.95e-06, 1.921e-05, 6.11e-06, -1.89e-06]","[141487683880, 1002569394115, 1002569394115, 37047046487711.01, 320254997161059.9, 459401025812698.9]"
2024-03-08 23:51:04,WBTCUSDT,69147.11,"['BUY', 'STRONG_BUY', 'STRONG_BUY', 'BUY', 'STRONG_BUY', 'STRONG_BUY']","[0.1318581, 0.48079848, 0.48079848, 3.10046416, 9.59225066, 13.18293369]","[61.87631509, 66.33566275, 65.52315444, 76.37008632, 88.81070115, None]","[768.23294118, 821.73029412, 2166.23352941, 12331.72835294, 16847.78620588, None]","[0.02231, 2.28491, 2.28491, 28.40371, 192.28672, 295.32817]"
2024-03-08 23:53:19,PEPEUSDT,9.39e-06,"['STRONG_BUY', 'STRONG_BUY', 'STRONG_BUY', 'STRONG_BUY', 'STRONG_BUY']","[0.8583691, 6.93970421, 6.93970421, 37.68328446, 58.34738617]","[66.00131276, 73.02498263, 70.07749456, 85.45939906, 90.79214028]","[3e-07, 1.23e-06, 1.43e-06, 4.75e-06, 1.5e-06]","[959925734909.9996, 7935364893284.999, 7935364893284.999, 171901416429163.94, 828244264740057.8]"
2024-03-08 23:54:05,BTCUSDT,69034.01,"['BUY', 'STRONG_BUY', 'STRONG_BUY', 'BUY', 'STRONG_BUY', 'STRONG_BUY']","[0.03411056, 0.33267024, 0.33267024, 3.30847769, 9.37992017, 12.92802765]","[62.49434811, 68.1740936, 65.70146051, 75.82979873, 88.38578982, 76.02386031]","[864.62608824, 808.08867647, 2118.01164706, 12253.92294118, 16922.5305, 13069.61702941]","[484.66167, 4497.66442, 4497.66442, 67218.934552, 416488.890682, 518756.471032]"
2024-03-08 23:54:48,USDCUSDT,0.9975,"['SELL', 'STRONG_SELL', 'STRONG_SELL', 'STRONG_SELL', 'STRONG_SELL', 'STRONG_SELL']","[0.01002707, -0.05010522, -0.04008418, -0.08013623, -0.20010005, -0.19011407]","[31.89479385, 34.16139734, 36.77955653, 33.44455188, 36.38223385, 37.53497464]","[-0.00057706, -0.00045265, -0.00133912, -0.00139147, 0.00255676, -0.05183941]","[9376332, 56661469, 56757994, 990973102, 5833359423, 7733652350]"
2024-03-08 23:55:03,DOGEUSDT,0.17026,"['BUY', 'BUY', 'STRONG_BUY', 'STRONG_BUY', 'STRONG_BUY', 'STRONG_BUY']","[-0.53706947, 1.61020992, 1.61020992, 8.09696047, 10.99889229, 45.12444596]","[56.67769799, 58.83525517, 57.4355949, 75.15669156, 83.03909508, 63.71920415]","[0.00211547, 0.00542141, 0.00522815, 0.06076524, 0.02825941, -0.02104594]","[28729822, 181162979, 181162979, 4516013879, 34919950659, 52947056426]"
2024-03-08 23:55:11,SHIBUSDT,3.592e-05,"['STRONG_BUY', 'STRONG_BUY', 'BUY', 'BUY', 'STRONG_BUY', 'STRONG_BUY']","[0.25125628, 2.54140491, 2.54140491, 13.9047619, 59.5026643, 185.98726115]","[57.55956995, 60.05434097, 58.9017506, 84.07577391, 92.07042475, 69.80146006]","[6e-08, 1.83e-06, 2.95e-06, 1.921e-05, 6.11e-06, -1.89e-06]","[250486804306, 1111568514541, 1111568514541, 37156772483425.01, 320377342631045.9, 459523371282684.9]"
2024-03-08 23:55:55,WBTCUSDT,69094.93,"['BUY', 'STRONG_BUY', 'STRONG_BUY', 'BUY', 'STRONG_BUY', 'STRONG_BUY']","[-0.01397881, 0.33445336, 0.33445336, 3.02266218, 9.50954982, 13.09752324]","[60.54337528, 65.5597879, 65.15707723, 76.31703838, 88.79444444, None]","[762.38176471, 821.73029412, 2166.23352941, 12331.72835294, 16847.78620588, None]","[0.06429, 2.32689, 2.32689, 28.44541, 192.32842, 295.36987]"
2024-03-08 23:56:43,NEARUSDT,5.58,"['STRONG_BUY', 'STRONG_BUY', 'BUY', 'BUY', 'STRONG_BUY', 'STRONG_BUY']","[0.86752214, 0.41381792, 0.41381792, 1.17839014, 25.92509025, 43.92571576]","[60.61252723, 61.27269909, 65.05697689, 73.22877423, 79.77798795, 60.18128028]","[0.10804412, 0.02291471, 0.58139706, 1.31805294, 1.59143824, -1.65093824]","[135864.5, 927970.3, 927970.3, 35824665.40000035, 237062840.60000357, 316169942.3000035]"
2024-03-08 23:58:04,PEPEUSDT,9.34e-06,"['STRONG_BUY', 'STRONG_BUY', 'STRONG_BUY', 'STRONG_BUY', 'STRONG_BUY']","[0, 6.02957907, 6.02957907, 36.6568915, 57.50421585]","[64.35967644, 72.23859386, 69.65514124, 85.33826403, 90.74337649]","[3e-07, 1.23e-06, 1.43e-06, 4.75e-06, 1.5e-06]","[1332047814446.9995, 8307486972821.999, 8307486972821.999, 172284637668976.94, 828710831999336.8]"
2024-03-09 00:14:43,ETHUSDT,3939.71,"['STRONG_BUY', 'BUY', 'BUY', 'STRONG_BUY', 'STRONG_BUY', 'STRONG_BUY']","[0.03756879, 0.03756879, 0.30798051, 1.83418417, 12.9565544, 17.95221087]","[53.95627251, 56.84227932, 64.14455688, 85.28810553, 84.58873115, 72.43722738]","[2.42679412, 35.55194118, 229.40635294, 728.31905882, 889.06170588, 334.02817647]","[4804.616, 4804.616, 27154.097, 595354.8641, 4213879.3479, 5252284.401]"
2024-03-09 00:15:19,USDCUSDT,0.9968,"['STRONG_SELL', 'STRONG_SELL', 'STRONG_SELL', 'STRONG_SELL', 'STRONG_SELL', 'STRONG_SELL']","[-0.02005817, -0.02005817, -0.10021044, -0.15025543, -0.27013507, -0.26015609]","[23.47204053, 29.975524, 33.18476076, 29.90661625, 33.73308082, 35.07452804]","[-0.00067118, -0.00067647, -0.00135618, -0.00139147, 0.00255676, -0.05183941]","[10493949, 10600406, 75004912, 1009305112, 5851691433, 7751984360]"
2024-03-09 00:15:33,DOGEUSDT,0.17003,"['BUY', 'BUY', 'STRONG_BUY', 'STRONG_BUY', 'STRONG_BUY', 'STRONG_BUY']","[-0.00588685, 0.17692852, 1.30009542, 7.8939019, 10.79038249, 44.92840095]","[54.83794784, 58.22114633, 57.14365985, 75.08248868, 82.99716271, 63.69058113]","[0.00251882, 0.00641235, 0.00522815, 0.06076524, 0.02825941, -0.02104594]","[588, 36068289, 235261189, 4570862244, 34974799024, 52999652188]"
2024-03-09 00:35:29,USDCUSDT,0.9968,"['SELL', 'STRONG_SELL', 'STRONG_SELL', 'STRONG_SELL', 'STRONG_SELL', 'STRONG_SELL']","[0, -0.03008725, -0.11023149, -0.15025543, -0.27013507, -0.26015609]","[22.3820774, 29.22719794, 32.65285145, 29.90661625, 33.73308082, 35.07452804]","[-0.00084941, -0.000685, -0.00136471, -0.00139147, 0.00255676, -0.05183941]","[1924313, 27006003, 91410509, 1025717134, 5868103455, 7768396382]"
2024-03-09 00:55:39,USDCUSDT,0.9966,"['STRONG_SELL', 'STRONG_SELL', 'STRONG_SELL', 'STRONG_SELL', 'STRONG_SELL', 'STRONG_SELL']","[-0.04012036, -0.05014542, -0.13027357, -0.17028949, -0.29014507, -0.2801681]","[24.61824964, 27.83730524, 31.63859882, 29.02922766, 33.04559581, 34.42970132]","[-0.00091618, -0.00072765, -0.00140735, -0.00139147, 0.00255676, -0.05183941]","[7929390, 40681329, 105085835, 1039387315, 5881773636, 7782066563]"
2024-03-09 00:56:26,LINKUSDT,19.547,"['STRONG_SELL', 'STRONG_SELL', 'SELL', 'BUY', 'BUY', 'BUY']","[-0.25003827, -0.69091648, -1.01276079, -2.68346112, -4.68132833, 1.4164159]","[39.2028395, 38.71903956, 44.96938245, 52.02589784, 65.46456599, 65.3942147]","[-0.12096765, -0.20181471, -0.22009118, 0.33317353, 7.20207941, 2.74573529]","[31395.36, 127752.54, 304877.67, 5347422.33, 36947624.36000001, 54437042.35000002]"
2024-03-09 01:15:36,USDCUSDT,0.9971,"['SELL', 'SELL', 'STRONG_SELL', 'STRONG_SELL', 'STRONG_SELL', 'STRONG_SELL']","[0, 0.06021074, -0.08016835, -0.12020435, -0.24012006, -0.23013808]","[39.12151533, 36.69149971, 34.30231846, 31.32686596, 34.81967045, 36.08836529]","[-0.00095765, -0.00091118, -0.00140735, -0.00139147, 0.00255676, -0.05183941]","[1157, 11499732, 119369068, 1053732990, 5896119311, 7796412238]"
2024-03-09 01:18:28,PEPEUSDT,9.17e-06,"['STRONG_BUY', 'STRONG_BUY', 'BUY', 'STRONG_BUY', 'STRONG_BUY']","[0.99337748, 2.23463687, 4.09556314, 34.45747801, 54.63743676]","[56.90358781, 65.72526823, 68.71682838, 85.07176909, 90.57364539]","[1.5e-07, 1.2e-06, 1.43e-06, 4.75e-06, 1.5e-06]","[370874092990.0002, 1735094962410.0002, 15914509326616, 179900829160462.94, 836243677471356.8]"
2024-03-09 01:18:36,RNDRUSDT,10.363,"['BUY', 'STRONG_BUY', 'STRONG_BUY', 'STRONG_BUY', 'STRONG_BUY', 'STRONG_BUY']","[0.56217893, 2.24696955, -1.35019492, 4.01485496, 37.11299286, 37.65940489]","[53.06594772, 59.24743562, 68.10243611, 77.67204676, 89.88450387, 74.91652152]","[-0.06305294, 0.41221471, 1.66012941, 2.10258529, 3.29040588, None]","[21456.57, 211963.7, 1114590.3, 17225198.05, 107851973.87000042, 141823478.50000042]"
2024-03-09 01:19:42,FETUSDT,2.7518,"['BUY', 'STRONG_BUY', 'BUY', 'STRONG_BUY', 'STRONG_BUY', 'STRONG_BUY']","[0.32039613, 1.24191652, -1.12319231, 6.97259104, 55.45136143, 87.05730406]","[50.91730375, 58.3432487, 66.54218805, 92.14366414, 92.85014408, 86.9656136]","[-0.01581735, 0.17200206, 0.54885824, 1.06132441, 0.68889029, 0.54713618]","[191250, 832899, 6476270, 102694217, 597301352.1, 884610164.2]"
2024-03-09 01:35:31,USDCUSDT,0.9971,"['SELL', 'SELL', 'STRONG_SELL', 'STRONG_SELL', 'STRONG_SELL', 'STRONG_SELL']","[-0.01002808, 0.06021074, -0.08016835, -0.12020435, -0.24012006, -0.23013808]","[39.75549739, 36.69149971, 34.30231846, 31.32686596, 34.81967045, 36.08836529]","[-0.00086529, -0.00090265, -0.00140735, -0.00139147, 0.00255676, -0.05183941]","[1184320, 18323761, 126193097, 1060501710, 5902888031, 7803180958]"
2024-03-09 01:36:12,TRXUSDT,0.13657,"['STRONG_SELL', 'STRONG_SELL', 'SELL', 'BUY', 'BUY', 'BUY']","[-0.01464558, 0, -0.13165594, -0.37931286, -2.90081763, -2.79023418]","[44.11387479, 37.22720712, 38.02888214, 54.75957795, 73.78535746, 73.8341155]","[-7.909e-05, -0.00042462, -0.00148468, 0.00478394, 0.03414768, 0.03740512]","[608915.4, 5158015.6, 20760094.00000002, 309348760.10000116, 2356292886.9000015, 3155886061.100001]"
2024-03-09 01:36:49,BCHUSDT,435.6,"['STRONG_BUY', 'STRONG_BUY', 'STRONG_BUY', 'BUY', 'BUY', 'STRONG_BUY']","[-0.13752006, 1.04384134, 0.48442907, 0.83333333, -7.41764081, 46.37096774]","[54.6994409, 55.01956581, 55.84595821, 67.81878197, 73.88873332, 62.83370719]","[0.11029412, 2.03441176, -3.38882353, 121.81411765, 78.00441176, 4.55338235]","[451.272, 3947.933, 13989.491, 191056.796, 1505510.924, 3420494.747]"
2024-03-09 01:37:17,NEARUSDT,5.718,"['STRONG_BUY', 'STRONG_BUY', 'BUY', 'BUY', 'STRONG_BUY', 'STRONG_BUY']","[0.0174581, 1.7961942, 2.98668586, 3.66207397, 29.01624549, 47.48516895]","[67.5656969, 68.61374431, 67.60053197, 74.25550123, 80.32501565, 60.5679324]","[0.17907059, 0.12786765, 0.59700588, 1.32291471, 1.59143824, -1.65093824]","[214795.2, 1113038.7, 3737753.6, 38636522.40000061, 239874697.6000038, 318977489.60000384]"
2024-03-09 01:38:30,PEPEUSDT,9.24e-06,"['BUY', 'STRONG_BUY', 'STRONG_BUY', 'STRONG_BUY', 'STRONG_BUY']","[0.54347826, 3.35195531, 5.23321957, 35.48387097, 55.81787521]","[59.62786717, 66.87087978, 69.27567923, 85.19732884, 90.64428284]","[1.6e-07, 1.21e-06, 1.43e-06, 4.75e-06, 1.5e-06]","[1194710637809, 4058194447913, 18237608812119, 182241855488357.9, 838584703799251.6]"
2024-03-09 01:38:37,RNDRUSDT,10.434,"['BUY', 'STRONG_BUY', 'BUY', 'STRONG_BUY', 'STRONG_BUY', 'STRONG_BUY']","[0.2115995, 2.68059525, -0.93182466, 4.72749172, 38.05239481, 38.60255048]","[54.52991406, 60.076615, 68.8418193, 77.92840425, 89.97329586, 75.06052053]","[-0.03825882, 0.41596765, 1.66012941, 2.10258529, 3.29040588, None]","[56881.68, 353605.41, 1256232.01, 17365580.28, 107992356.10000043, 141963860.73000044]"
2024-03-09 01:39:47,FETUSDT,2.7484,"['NEUTRAL', 'STRONG_BUY', 'BUY', 'STRONG_BUY', 'STRONG_BUY', 'STRONG_BUY']","[-0.57575319, 0.98471487, -1.37438547, 6.70083081, 55.16325839, 86.82618449]","[49.45099326, 57.92143413, 66.21525525, 92.11009615, 92.83538883, 86.95157546]","[-0.02233265, 0.17240294, 0.54885824, 1.06132441, 0.68889029, 0.54713618]","[378418, 1600466, 7243837, 103462801, 598056916.1, 885372533.2]"
2024-03-09 01:55:35,USDCUSDT,0.9971,"['SELL', 'SELL', 'STRONG_SELL', 'STRONG_SELL', 'STRONG_SELL', 'STRONG_SELL']","[0.04012841, 0.07024586, -0.07014731, -0.12020435, -0.24012006, -0.23013808]","[43.78948289, 38.03902564, 34.88980759, 31.32686596, 34.81967045, 36.08836529]","[-0.00088235, -0.00091971, -0.00140735, -0.00139147, 0.00255676, -0.05183941]","[2276257, 25056939, 132926275, 1067273726, 5909660047, 7809952974]"
2024-03-09 01:58:37,RNDRUSDT,10.453,"['BUY', 'STRONG_BUY', 'BUY', 'STRONG_BUY', 'STRONG_BUY', 'STRONG_BUY']","[0.0191095, 3.1634966, -0.46591233, 4.91819733, 38.30378407, 38.85494155]","[56.11572379, 60.96118773, 69.68434971, 77.99601158, 89.99679333, 75.09877549]","[-0.00561471, 0.41852647, 1.66012941, 2.10258529, 3.29040588, None]","[75770.22, 474004.22, 1376630.82, 17486487.14, 108113262.96000043, 142084767.59000042]"
2024-03-09 02:15:33,USDCUSDT,0.9978,"['BUY', 'SELL', 'SELL', 'STRONG_SELL', 'STRONG_SELL', 'STRONG_SELL']","[0.01002205, 0.09027081, 0, -0.05008514, -0.17008504, -0.16009606]","[54.69965531, 46.75663232, 39.64244694, 35.23074187, 37.64939623, 38.69839947]","[-0.00046, -0.00102235, -0.00140735, -0.00139147, 0.00255676, -0.05183941]","[540, 28298961, 163590324, 1097906085, 5940292406, 7840585333]"
2024-03-09 02:16:57,ICPUSDT,14.786,"['STRONG_BUY', 'STRONG_BUY', 'STRONG_BUY', 'BUY', 'STRONG_BUY', 'BUY']","[0.09479315, 0.94919421, 1.22569159, -0.87154733, 12.17661786, 17.36783616]","[64.44349047, 58.24656304, 54.1452836, 63.54156321, 71.54855668, 34.5155219]","[0.18782059, -0.04746765, 0.24623824, 1.25348824, 6.29567353, -6.9937]","[1266.08, 28683.93, 440923.83, 4763100.32, 39237924.42000001, 49967221.06]"
2024-03-09 02:18:36,RNDRUSDT,10.504,"['BUY', 'STRONG_BUY', 'STRONG_BUY', 'STRONG_BUY', 'STRONG_BUY', 'STRONG_BUY']","[0.27684964, 0.9902894, -0.12360939, 5.43009134, 38.97856576, 39.53241233]","[56.9493094, 61.72144126, 70.31661247, 78.17545265, 90.05932433, 75.20088193]","[0.05162941, 0.38349412, 1.66012941, 2.10258529, 3.29040588, None]","[26073.04, 134801.1, 1536385.08, 17645582.01, 108272357.83000045, 142243862.46000043]"
2024-03-09 02:35:09,BNBUSDT,482.4,"['BUY', 'STRONG_BUY', 'BUY', 'STRONG_BUY', 'STRONG_BUY', 'STRONG_BUY']","[-0.02072968, 0.60492282, -0.45407637, 1.68634064, 16.38118215, 20.78117176]","[52.51765396, 61.0843553, 71.67120855, 77.44903526, 85.27745837, 65.66104194]","[0.08794118, 11.25323529, 45.90323529, 62.72617647, 106.18823529, -9.07058824]","[1704.986, 15100.327, 139202.546, 1640292.516, 8235775.533, 10250649.033]"
2024-03-09 02:35:34,USDCUSDT,0.9979,"['BUY', 'SELL', 'SELL', 'STRONG_SELL', 'STRONG_SELL', 'STRONG_SELL']","[0, 0.09027081, 0, -0.04006812, -0.16008004, -0.15009005]","[54.69965531, 46.75663232, 39.64244694, 35.86930521, 38.09162929, 39.10240228]","[-0.00030265, -0.00102235, -0.00140735, -0.00139147, 0.00255676, -0.05183941]","[1512339, 35785146, 171076509, 1105436761, 5947823082, 7848116009]"
2024-03-09 02:38:37,RNDRUSDT,10.439,"['BUY', 'STRONG_BUY', 'BUY', 'STRONG_BUY', 'STRONG_BUY', 'STRONG_BUY']","[-0.08614913, 0.35573503, -0.75116478, 4.77767741, 38.11854988, 38.66896918]","[54.31581009, 60.47589531, 69.16608503, 77.9462359, 89.9794901, 75.07059902]","[0.05246471, 0.38579706, 1.66012941, 2.10258529, 3.29040588, None]","[52720.07, 280303.03, 1681887.01, 17792011.09, 108418786.91000041, 142390291.5400004]"
2024-03-09 02:55:16,BNBUSDT,485.4,"['STRONG_BUY', 'STRONG_BUY', 'BUY', 'STRONG_BUY', 'STRONG_BUY', 'STRONG_BUY']","[0.47619048, 1.27242386, 0.20639835, 2.31871838, 17.10494572, 21.53229845]","[60.02801894, 63.6747855, 73.63813329, 77.82469664, 85.43987587, 65.82346024]","[0.79, 11.475, 45.90323529, 62.72617647, 106.18823529, -9.07058824]","[8203.206, 26745.07, 150847.289, 1651770.643, 8247253.66, 10262127.16]"
2024-03-09 02:55:44,USDCUSDT,0.9977,"['NEUTRAL', 'SELL', 'STRONG_SELL', 'STRONG_SELL', 'STRONG_SELL', 'STRONG_SELL']","[0, 0.07021063, -0.02004209, -0.06010217, -0.18009005, -0.17010206]","[51.48892907, 44.57311032, 38.15737751, 34.6145169, 37.21731373, 38.30265954]","[-0.00012235, -0.00102235, -0.00140735, -0.00139147, 0.00255676, -0.05183941]","[2561168, 42087274, 177378637, 1111691060, 5954077381, 7854370308]"
2024-03-09 02:57:05,BCHUSDT,437,"['STRONG_BUY', 'STRONG_BUY', 'STRONG_BUY', 'BUY', 'BUY', 'STRONG_BUY']","[0.71445033, 0.69124424, 0.80738178, 1.15740741, -7.12008502, 46.84139785]","[56.33408298, 56.60979422, 56.38751209, 67.97572943, 74.15676905, 62.90157851]","[2.44264706, 1.98764706, -3.38882353, 121.81411765, 78.00441176, 4.55338235]","[553.426, 2223.251, 17160.481, 194227.786, 1508681.914, 3423665.737]"
2024-03-09 02:57:34,NEARUSDT,5.741,"['STRONG_BUY', 'STRONG_BUY', 'BUY', 'BUY', 'STRONG_BUY', 'STRONG_BUY']","[0.56051848, 2.00781805, 3.29255128, 4.07904278, 29.53519856, 48.07841114]","[62.56742878, 69.67616653, 67.87849653, 74.42020029, 80.41396418, 60.63164556]","[0.15761176, 0.15296471, 0.59700588, 1.32291471, 1.59143824, -1.65093824]","[233337.7, 879822.4, 5025669.4, 39922364.50000078, 241160539.700004, 320263331.700004]"
2024-03-09 02:58:50,XLMUSDT,0.1417,"['STRONG_BUY', 'STRONG_BUY', 'STRONG_BUY', 'BUY', 'STRONG_BUY', 'BUY']","[0.21246459, 0.49610206, 0.85531005, -0.21126761, 4.42151805, 16.14754098]","[55.01555583, 54.33885693, 53.69569014, 65.91170341, 63.52776833, 50.51343696]","[0.00084029, -0.00035029, 0.00112853, 0.02004706, -0.00157059, -0.04278941]","[519721, 2631358, 15133072, 177329202, 1626851396, 2236498455]"
2024-03-09 02:59:06,RNDRUSDT,10.448,"['BUY', 'STRONG_BUY', 'BUY', 'STRONG_BUY', 'STRONG_BUY', 'STRONG_BUY']","[-0.45749142, 0.41342179, -0.69411429, 4.86801164, 38.237629, 38.78852285]","[54.11104388, 60.59246637, 69.26912033, 77.97826036, 89.99062047, 75.08871978]","[0.04814118, 0.38579706, 1.66012941, 2.10258529, 3.29040588, None]","[60944.82, 378564.09, 1780148.07, 17888171.92, 108514947.74000043, 142486452.37000042]"
2024-03-09 03:16:07,USDCUSDT,0.9978,"['NEUTRAL', 'SELL', 'SELL', 'SELL', 'STRONG_SELL', 'STRONG_SELL']","[0, 0, 0, 0.01002305, -0.17008504, -0.16009606]","[51.48892907, 44.57311032, 38.15737751, 35.82338521, 37.64939623, 38.69839947]","[1.47e-06, -0.00099118, -0.00152029, -0.00151059, 0.00255676, -0.05183941]","[154507, 3218283, 3218283, 4722777, 5960788597, 7861081524]"
2024-03-09 03:17:58,ETCUSDT,38.42,"['STRONG_BUY', 'STRONG_BUY', 'BUY', 'BUY', 'STRONG_BUY', 'STRONG_BUY']","[-0.02603489, 0.89332633, 0.89332633, 0.94587493, 14.3452381, 33.07932109]","[57.46905676, 53.21852735, 59.7489548, 76.66341348, 78.50781301, 61.79400746]","[0.07079412, -0.13058824, 1.94094118, 8.05835294, 8.58335294, -4.62488235]","[3487.39, 68055.49, 68055.49, 68070.29, 19108576.18, 29720133.50000001]"
2024-03-09 03:36:08,USDCUSDT,0.9978,"['NEUTRAL', 'SELL', 'SELL', 'SELL', 'STRONG_SELL', 'STRONG_SELL']","[-0.01002205, 0, 0, 0.01002305, -0.17008504, -0.16009606]","[51.25258435, 44.57311032, 38.15737751, 35.82338521, 37.64939623, 38.69839947]","[7.94e-06, -0.00098265, -0.00151176, -0.00151059, 0.00255676, -0.05183941]","[948945, 15265416, 15265416, 15318997, 5971384817, 7871677744]"
2024-03-09 03:39:50,GRTUSDT,0.346,"['STRONG_BUY', 'STRONG_BUY', 'STRONG_BUY', 'BUY', 'STRONG_BUY', 'STRONG_BUY']","[1.40638734, 1.88401531, 1.88401531, 1.88457008, 8.15879962, 22.95664534]","[61.61806835, 61.46787605, 62.28268237, 69.83904267, 85.39720658, 57.5906302]","[-0.00019824, -0.00126206, 0.02193324, 0.07331559, 0.10321588, -0.11211912]","[2144396, 4083804, 4083804, 4084742, 992590784, 1567879221]"
2024-03-09 03:56:21,USDCUSDT,0.9976,"['SELL', 'SELL', 'SELL', 'SELL', 'STRONG_SELL', 'STRONG_SELL']","[-0.0200441, -0.01002305, -0.01002305, -0.01002305, -0.19009505, -0.18010806]","[49.17134438, 43.61009375, 37.40290005, 33.97455234, 36.79503627, 37.91493155]","[8.82e-06, -0.00099971, -0.00152882, -0.00152765, 0.00255676, -0.05183941]","[4341353, 26529969, 26529969, 26577574, 5982643394, 7882936321]"
2024-03-09 03:57:44,BCHUSDT,453.6,"['STRONG_BUY', 'STRONG_BUY', 'STRONG_BUY', 'STRONG_BUY', 'BUY', 'STRONG_BUY']","[1.9541779, 3.9862543, 3.9862543, 3.96516159, -3.59192349, 52.41935484]","[75.70752335, 69.568039, 62.39600266, 69.85845987, 77.48979771, 63.68784397]","[6.23529412, 4.14382353, 0.675, 113.70117647, 78.00441176, 4.55338235]","[18543.664, 32704.155, 32704.155, 32835.977, 1541697.591, 3456681.414]"
2024-03-09 03:58:19,ETCUSDT,38.85,"['STRONG_BUY', 'STRONG_BUY', 'BUY', 'BUY', 'STRONG_BUY', 'STRONG_BUY']","[1.11950013, 2.04939569, 2.04939569, 2.07566999, 15.625, 34.56875649]","[66.24150521, 58.106354, 61.64974294, 77.32782406, 78.8325657, 62.04465814]","[0.20729412, -0.11097059, 1.96055882, 8.07797059, 8.58335294, -4.62488235]","[20070.92, 112354.57, 112354.57, 112143.33, 19152649.22, 29764206.54000001]"
2024-03-09 03:59:31,PEPEUSDT,9.8e-06,"['STRONG_BUY', 'STRONG_BUY', 'STRONG_BUY', 'STRONG_BUY', 'STRONG_BUY']","[3.80952381, 8.87902331, 8.87902331, 8.64745011, 65.2613828]","[70.0688298, 71.85899338, 72.34617408, 86.2236206, 91.17342627]","[1.9e-07, 1.21e-06, 1.61e-06, 5e-06, 1.53e-06]","[3723006511639, 8489963427166, 8489963427166, 8485042298699, 851884872692443.6]"
2024-03-09 04:00:17,GRTUSDT,0.3466,"['STRONG_BUY', 'STRONG_BUY', 'STRONG_BUY', 'BUY', 'STRONG_BUY', 'STRONG_BUY']","[0.49332559, 1.94289079, 2.1783927, 2.06124853, 8.34635824, 23.16986496]","[62.08287728, 61.68475612, 62.67502258, 69.93541738, 85.43225515, 57.61368399]","[0.00034353, -0.00126206, 0.02193324, 0.07331559, 0.10321588, -0.11211912]","[1002577, 5386599, 5451490, 5428848, 993934890, 1569223327]"
2024-03-09 04:16:43,USDCUSDT,0.9975,"['SELL', 'SELL', 'SELL', 'SELL', 'STRONG_SELL', 'STRONG_SELL']","[0.01002506, 0.01002506, -0.01002305, -0.02004611, -0.20010005, -0.19011407]","[49.51388957, 43.96404036, 37.40290005, 33.35782196, 36.38223385, 37.53497464]","[-1.088e-05, -0.00095412, -0.00152882, -0.00152765, 0.00255676, -0.05183941]","[734362, 7209904, 35851008, 36145782, 5992211602, 7892504529]"
2024-03-09 04:20:04,RNDRUSDT,10.677,"['STRONG_BUY', 'STRONG_BUY', 'STRONG_BUY', 'BUY', 'STRONG_BUY', 'STRONG_BUY']","[1.06795199, 3.09457245, 2.33492823, 2.26031989, 41.26753109, 41.83049947]","[61.09041749, 64.55261805, 71.25086414, 78.82274861, 90.26573644, 75.54109066]","[0.01109706, 0.3124, 1.76554706, 2.55681765, 3.29040588, None]","[130049.16, 357621.45, 855502.69, 858022.88, 109384919.58000042, 143356424.21000043]"
2024-03-09 04:20:40,GRTUSDT,0.3474,"['BUY', 'BUY', 'STRONG_BUY', 'STRONG_BUY', 'STRONG_BUY', 'STRONG_BUY']","[-0.54456864, -0.02881014, 2.14895496, 2.29681979, 8.59643639, 23.45415778]","[60.9949827, 62.34361145, 62.63615625, 70.06296299, 85.4787257, 57.64438342]","[0.00329706, 0.00025618, 0.02210382, 0.07348618, 0.10321588, -0.11211912]","[808580, 2806500, 8257934, 8265600, 996771642, 1572060079]"
2024-03-09 04:21:16,FETUSDT,2.7742,"['STRONG_BUY', 'STRONG_BUY', 'BUY', 'BUY', 'STRONG_BUY', 'STRONG_BUY']","[-0.01437608, 2.25309663, 1.33683022, 1.04902746, 56.71675517, 88.57997417]","[55.44653568, 59.74124816, 66.98534906, 92.2427475, 92.91423819, 87.05735043]","[-0.03856118, 0.109645, 0.56022382, 1.18431059, 0.68889029, 0.54713618]","[234541, 2042118, 5693426, 5694895, 606112770.1, 893421582.2]"
2024-03-09 04:37:08,USDCUSDT,0.9976,"['NEUTRAL', 'SELL', 'SELL', 'SELL', 'STRONG_SELL', 'STRONG_SELL']","[0.01002406, 0.02005013, 0, -0.01002305, -0.19009505, -0.18010806]","[51.63030629, 45.18467078, 38.15737751, 33.97455234, 36.79503627, 37.91493155]","[-3.471e-05, -0.00094559, -0.00152882, -0.00152765, 0.00255676, -0.05183941]","[2003144, 11410626, 40051730, 40079053, 5996144873, 7896437800]"
2024-03-09 04:37:23,DOGEUSDT,0.16862,"['BUY', 'STRONG_BUY', 'STRONG_BUY', 'BUY', 'STRONG_BUY', 'STRONG_BUY']","[0.24967305, 0.57851733, 2.47311175, 2.46095886, 9.87163615, 43.72655984]","[54.86151059, 55.91856178, 56.11689526, 74.82436572, 82.80990148, 63.51411766]","[-5.144e-05, 0.00287453, 0.00438047, 0.058608, 0.02825941, -0.02104594]","[24868899, 69159585, 190671843, 190353242, 35436592497, 53461445661]"
2024-03-09 04:37:49,DOTUSDT,10.761,"['STRONG_BUY', 'STRONG_BUY', 'STRONG_BUY', 'BUY', 'STRONG_BUY', 'BUY']","[0.9391435, 0.68384075, 1.04352731, 1.15623237, 10.01942542, 30.26268006]","[64.58483943, 65.05797194, 62.09616316, 77.03750037, 74.35864011, 55.48134974]","[0.09980294, 0.15011176, 0.37317647, 2.06322941, 2.24532941, -5.30477353]","[212873.37, 398510.64, 684480.71, 682781.7, 95128451.57000019, 130931520.83000015]"
2024-03-09 04:41:12,GRTUSDT,0.3471,"['BUY', 'BUY', 'STRONG_BUY', 'STRONG_BUY', 'STRONG_BUY', 'STRONG_BUY']","[-0.54456864, -0.02881014, 2.14895496, 2.20848057, 8.50265708, 23.34754797]","[60.65571429, 62.34361145, 62.63615625, 70.01526041, 85.46133403, 57.63287635]","[0.00492324, 0.00023912, 0.02210382, 0.07348618, 0.10321588, -0.11211912]","[402479, 3683294, 9134728, 9135150, 997641192, 1572929629]"
2024-03-09 04:41:40,ARUSDT,44.732,"['STRONG_BUY', 'STRONG_BUY', 'STRONG_BUY', 'BUY', 'STRONG_BUY', 'STRONG_BUY']","[0.6799494, 4.03109099, 4.36482847, 4.84477009, 47.56726383, 67.48539763]","[72.07232992, 72.49752666, 74.43369718, 88.49338244, 91.1041057, 69.94409188]","[0.1361, 4.14085294, 7.26808824, 18.59730882, 10.04129118, -4.27657941]","[14465.18, 43017.45, 93129.2, 95671.2, 10719960.41, 17164051.6]"
2024-03-09 04:57:39,USDCUSDT,0.9975,"['SELL', 'SELL', 'SELL', 'SELL', 'STRONG_SELL', 'STRONG_SELL']","[0.02005415, 0, -0.02004611, -0.02004611, -0.20010005, -0.19011407]","[48.09280166, 42.6878097, 36.67768032, 33.35782196, 36.38223385, 37.53497464]","[-0.00013118, -0.00097971, -0.00156294, -0.00156176, 0.00255676, -0.05183941]","[2719743, 19740360, 48381464, 48420418, 6004486238, 7904779165]"
2024-03-09 04:57:56,DOGEUSDT,0.16854,"['STRONG_BUY', 'STRONG_BUY', 'STRONG_BUY', 'BUY', 'STRONG_BUY', 'STRONG_BUY']","[-0.33122375, 0.50098408, 2.394118, 2.41234733, 9.8195087, 43.65837027]","[54.1231764, 55.72940948, 56.04103815, 74.80389443, 82.799153, 63.50405411]","[0.00019638, 0.00287453, 0.00438047, 0.058608, 0.02825941, -0.02104594]","[23368495, 107555053, 229067311, 229098784, 35475338039, 53500191203]"
2024-03-09 05:01:54,GRTUSDT,0.3546,"['STRONG_BUY', 'BUY', 'STRONG_BUY', 'STRONG_BUY', 'STRONG_BUY', 'STRONG_BUY']","[0.48213273, 0.48213273, 4.29790992, 4.41696113, 10.84713973, 26.01279318]","[69.25708127, 69.21709196, 65.27570854, 71.16396568, 85.88399148, 57.9186901]","[0.00724, 0.00325853, 0.02257294, 0.07395529, 0.10321588, -0.11211912]","[1066979, 1066979, 13263755, 13423867, 1001929909, 1577218346]"
2024-03-09 05:02:23,ARUSDT,45.064,"['BUY', 'STRONG_BUY', 'STRONG_BUY', 'BUY', 'STRONG_BUY', 'STRONG_BUY']","[0.39792811, 0.39792811, 5.75342466, 6.00018787, 48.95220467, 68.72847087]","[75.71684068, 74.0406141, 75.20224447, 88.69018409, 91.19204083, 70.06078397]","[0.7872, 4.29861176, 7.31005294, 18.62980588, 10.06065294, -4.25721765]","[4888.14, 4888.14, 136107.52, 134863.6, 10760571.05, 17201356.52]"
2024-03-09 05:18:21,USDCUSDT,0.9975,"['SELL', 'SELL', 'SELL', 'SELL', 'STRONG_SELL', 'STRONG_SELL']","[0, 0, -0.02004611, -0.02004611, -0.20010005, -0.19011407]","[48.09280166, 42.6878097, 36.67768032, 33.35782196, 36.38223385, 37.53497464]","[-0.00015147, -0.00081412, -0.00156294, -0.00156176, 0.00255676, -0.05183941]","[1295873, 5637474, 54521189, 54519609, 6010585429, 7910878356]"
2024-03-09 05:20:20,NEARUSDT,5.818,"['BUY', 'STRONG_BUY', 'STRONG_BUY', 'BUY', 'STRONG_BUY', 'STRONG_BUY']","[-0.93601089, 1.83694892, 1.32288947, 1.37654644, 31.27256318, 50.06448285]","[62.83476691, 68.0888112, 69.21232609, 74.99794369, 80.70598239, 60.84345573]","[0.08672059, 0.21968235, 0.62128235, 1.48424412, 1.59143824, -1.65093824]","[218431.1, 970307.2, 3222342.2, 3223419.6, 244420041.800004, 323522833.800004]"
2024-03-09 05:21:49,RNDRUSDT,10.953,"['STRONG_BUY', 'STRONG_BUY', 'STRONG_BUY', 'BUY', 'STRONG_BUY', 'STRONG_BUY']","[1.79468105, 2.48080884, 4.75598086, 4.90374485, 44.91929082, 45.4968119]","[68.66802097, 68.54855868, 72.96978713, 79.75634117, 90.57786365, 76.06494038]","[0.23017353, 0.41178529, 1.78567647, 2.57694706, 3.29040588, None]","[256638.22, 453642.61, 1668292.1, 1667693.34, 110194590.04000042, 144166094.67000043]"
2024-03-09 05:22:27,GRTUSDT,0.3584,"['STRONG_BUY', 'STRONG_BUY', 'STRONG_BUY', 'STRONG_BUY', 'STRONG_BUY', 'STRONG_BUY']","[1.30127298, 1.55984118, 5.41654401, 5.53592462, 12.03501094, 27.36318408]","[73.02599735, 72.00651674, 66.50736278, 71.7130224, 86.0888943, 58.06203551]","[0.00837029, 0.00349735, 0.02287147, 0.07425382, 0.10321588, -0.11211912]","[1411809, 3830722, 16027498, 16038466, 1004544508, 1579832945]"
2024-03-09 05:23:03,FETUSDT,2.8498,"['STRONG_BUY', 'STRONG_BUY', 'STRONG_BUY', 'BUY', 'STRONG_BUY', 'STRONG_BUY']","[1.48567764, 2.53779698, 3.75915201, 3.80272456, 60.98745904, 93.71898579]","[63.48160992, 63.83578494, 68.52166154, 92.60410777, 93.12232117, 87.35765]","[0.01522294, 0.11586265, 0.56448853, 1.18857529, 0.68889029, 0.54713618]","[484120, 1452333, 8149856, 8158835, 608576710.1, 895885522.2]"
2024-03-09 05:38:56,USDCUSDT,0.9972,"['STRONG_SELL', 'STRONG_SELL', 'SELL', 'SELL', 'STRONG_SELL', 'STRONG_SELL']","[-0.03007519, -0.03007519, -0.05011527, -0.05011527, -0.23011506, -0.22013208]","[42.03660697, 39.76205999, 34.66148432, 31.63503653, 35.19759164, 36.43946228]","[-0.00016912, -0.00083971, -0.00156294, -0.00156176, 0.00255676, -0.05183941]","[5439549, 14833443, 63717158, 63492476, 6019558296, 7920241630]"
2024-03-09 05:41:09,APTUSDT,13.4971,"['STRONG_BUY', 'STRONG_BUY', 'BUY', 'BUY', 'STRONG_BUY', 'STRONG_BUY']","[0.24211277, 0.68704169, 2.096019, 2.12078567, 16.37036143, 15.2376968]","[73.79965634, 61.07158989, 56.80956907, 70.09309321, 73.95244604, 58.1773335]","[0.24542824, 0.05303235, 0.28355971, 2.943075, 2.85489206, None]","[42299.96, 103794.52, 327929, 328124.95, 50600666.51999999, 68437705.35]"
2024-03-09 05:42:11,RNDRUSDT,10.997,"['BUY', 'STRONG_BUY', 'STRONG_BUY', 'BUY', 'STRONG_BUY', 'STRONG_BUY']","[-0.98189352, 2.90207826, 5.18660287, 5.32516043, 45.50145541, 46.08129649]","[66.62304393, 69.16473593, 73.25421941, 79.89762058, 90.62578259, 76.14638593]","[0.31391176, 0.42935588, 1.80324706, 2.59451765, 3.30737941, None]","[474661.22, 1273666.07, 2488315.56, 2491267.12, 111018163.82000042, 144989668.45000044]"
2024-03-09 05:42:51,GRTUSDT,0.3665,"['STRONG_BUY', 'STRONG_BUY', 'STRONG_BUY', 'STRONG_BUY', 'STRONG_BUY', 'STRONG_BUY']","[2.17270195, 4.02722632, 7.97762732, 7.92108363, 14.5670522, 30.2416489]","[79.18012733, 76.81628082, 69.02290578, 72.81631677, 86.50640269, 58.36435164]","[0.01095471, 0.00429059, 0.02366471, 0.07504706, 0.10388118, -0.11145382]","[10391274, 16390671, 28587447, 28542660, 1017048702, 1592337139]"
2024-03-09 05:43:13,THETAUSDT,3.068,"['STRONG_BUY', 'STRONG_BUY', 'STRONG_BUY', 'BUY', 'STRONG_BUY', 'STRONG_BUY']","[0.75558476, 1.52267461, 0.62335958, 0.65616798, 28.52953498, 66.55808903]","[65.13332079, 56.27874504, 59.77279741, 90.35677183, 88.11627028, 61.30535457]","[0.03082353, -0.00695, 0.22909706, 1.35900294, 0.66287941, -1.02647059]","[260695.4, 501018.2, 1189101.6, 1190458.5, 157224570.5000019, 231749429.80000195]"
2024-03-09 05:43:22,ARUSDT,47.24,"['STRONG_BUY', 'BUY', 'STRONG_BUY', 'BUY', 'STRONG_BUY', 'STRONG_BUY']","[3.1444345, 5.07969677, 10.68493151, 10.93889437, 56.14464203, 76.87584244]","[84.35197105, 78.54098297, 77.59426816, 89.46067582, 91.6221232, 70.80373413]","[1.75962059, 4.49709118, 7.50972647, 18.82947941, 10.26032647, -4.05754412]","[38096.45, 109870.68, 241090.06, 240767.53, 10865056.74, 17305842.21]"
2024-03-09 05:43:30,FETUSDT,2.921,"['STRONG_BUY', 'STRONG_BUY', 'STRONG_BUY', 'BUY', 'STRONG_BUY', 'STRONG_BUY']","[1.2958215, 5.24118071, 6.49473646, 6.39615357, 65.00960343, 98.5589015]","[70.16436296, 67.54730337, 70.09332402, 92.9149456, 93.30741921, 87.62800198]","[0.04395353, 0.12547529, 0.57410118, 1.19818794, 0.68969206, 0.54793794]","[1965268, 4277799, 10975322, 10964758, 611382633.1, 898691445.2]"
2024-03-09 05:59:15,XRPUSDT,0.6274,"['STRONG_BUY', 'STRONG_BUY', 'STRONG_BUY', 'STRONG_BUY', 'STRONG_BUY', 'BUY']","[0.2236779, 0.7223114, 1.20967742, 1.17741935, 0.04783926, 6.93710585]","[63.23667747, 56.20142963, 52.75322823, 60.45273058, 57.69748973, 52.91456951]","[0.00344176, -0.00288441, -0.00435706, 0.05250471, -0.01759912, -0.00979176]","[7158601, 16385089, 45050193, 44994763, 4923836317, 6987326075]"
2024-03-09 05:59:23,USDCUSDT,0.9973,"['STRONG_SELL', 'STRONG_SELL', 'SELL', 'SELL', 'STRONG_SELL', 'STRONG_SELL']","[0.01002808, -0.02005013, -0.04009221, -0.04009221, -0.22011006, -0.21012608]","[44.54349908, 40.69170673, 35.30846069, 32.18917992, 35.58380651, 36.79745791]","[-0.00016382, -0.00083971, -0.00156294, -0.00156176, 0.00255676, -0.05183941]","[6587675, 23552253, 72435968, 72436144, 6028501964, 7928794891]"
2024-03-09 05:59:38,DOGEUSDT,0.16907,"['STRONG_BUY', 'BUY', 'STRONG_BUY', 'BUY', 'STRONG_BUY', 'STRONG_BUY']","[0.15391901, 0.3321077, 2.80123959, 2.73439874, 10.16485307, 44.11012615]","[55.93127177, 56.74743983, 56.42921159, 74.93889973, 82.87011228, 63.57062185]","[0.00057168, 0.00254232, 0.00439071, 0.05861824, 0.02825941, -0.02104594]","[24549081, 105236191, 338556930, 338634400, 35584873655, 53609726819]"
2024-03-09 06:03:22,GRTUSDT,0.3638,"['BUY', 'BUY', 'STRONG_BUY', 'STRONG_BUY', 'STRONG_BUY', 'STRONG_BUY']","[0.27578599, 0.27578599, 7.03561966, 7.12603062, 13.72303845, 29.28216063]","[70.14392553, 75.29236327, 68.14282948, 72.45824072, 86.37004592, 58.26406505]","[0.01617941, 0.009175, 0.02379265, 0.075175, 0.10400912, -0.11132588]","[632500, 632500, 35756525, 35770185, 1024276227, 1599564664]"
2024-03-09 06:03:45,THETAUSDT,3.097,"['STRONG_BUY', 'STRONG_BUY', 'STRONG_BUY', 'BUY', 'STRONG_BUY', 'STRONG_BUY']","[0.35633301, 0.35633301, 1.64041995, 1.60761155, 29.7444491, 68.13246471]","[70.56793504, 59.23570354, 60.75884336, 90.54803927, 88.24759894, 61.47316232]","[0.05185, 0.00877059, 0.22995, 1.35985588, 0.66287941, -1.02647059]","[66073.9, 66073.9, 1480161.8, 1482015.9, 157516127.9000019, 232040987.20000196]"
2024-03-09 06:19:52,USDCUSDT,0.9972,"['STRONG_SELL', 'STRONG_SELL', 'SELL', 'SELL', 'STRONG_SELL', 'STRONG_SELL']","[-0.02005214, -0.02005214, -0.05011527, -0.05011527, -0.23011506, -0.22013208]","[42.73331506, 39.62279441, 34.66148432, 31.63503653, 35.19759164, 36.43946228]","[-0.00015206, -0.00070265, -0.00156294, -0.00156176, 0.00255676, -0.05183941]","[3813031, 9545422, 82212712, 81918406, 6038329198, 7938622125]"
2024-03-09 06:20:08,DOGEUSDT,0.17056,"['STRONG_BUY', 'BUY', 'STRONG_BUY', 'BUY', 'STRONG_BUY', 'STRONG_BUY']","[0.72086977, 0.78041859, 3.57902412, 3.63978854, 11.13572685, 45.38015684]","[59.81019702, 58.72767003, 57.15205391, 75.310807, 83.06650098, 63.75647078]","[0.0010505, 0.0028965, 0.00444188, 0.05868135, 0.02825941, -0.02104594]","[8797615, 57047368, 396652479, 398484888, 35644724143, 53669577307]"
2024-03-09 06:22:15,APTUSDT,13.6742,"['STRONG_BUY', 'STRONG_BUY', 'STRONG_BUY', 'BUY', 'STRONG_BUY', 'STRONG_BUY']","[0.77279525, 0.68378711, 3.42957422, 3.46074693, 17.89729618, 16.74976948]","[80.32735723, 66.18410921, 58.74174311, 70.96466988, 74.38679707, 58.41191093]","[0.29935118, 0.15378206, 0.29932206, 2.95883735, 2.85489206, None]","[39898.16, 92794.95, 471735.88, 471592.55, 50744134.11999999, 68581172.94999999]"
2024-03-09 06:23:58,GRTUSDT,0.3647,"['BUY', 'BUY', 'STRONG_BUY', 'STRONG_BUY', 'STRONG_BUY', 'STRONG_BUY']","[1.19245702, 0.63430778, 7.41831027, 7.39104829, 14.00437637, 29.60199005]","[69.44303775, 75.99956423, 68.50632277, 72.57864299, 86.41580335, 58.29754755]","[0.01721176, 0.00896176, 0.02379265, 0.075175, 0.10400912, -0.11132588]","[1718506, 4324624, 39448649, 39451851, 1027957893, 1603246330]"
2024-03-09 06:24:36,FETUSDT,2.8448,"['STRONG_BUY', 'BUY', 'STRONG_BUY', 'BUY', 'STRONG_BUY', 'STRONG_BUY']","[1.45889067, 0.03868744, 3.60980585, 3.62060173, 60.70500508, 93.37910407]","[56.58157866, 63.61328449, 68.43108939, 92.58125119, 93.10893721, 87.33821992]","[0.08209559, 0.13681735, 0.57410118, 1.19818794, 0.68969206, 0.54793794]","[355194, 1183788, 13494482, 13494083, 613911958.1, 901220770.2]"
2024-03-09 06:40:30,USDCUSDT,0.9973,"['SELL', 'STRONG_SELL', 'SELL', 'SELL', 'STRONG_SELL', 'STRONG_SELL']","[0.01002808, -0.01002607, -0.04009221, -0.04009221, -0.22011006, -0.21012608]","[45.31635607, 40.61865487, 35.30846069, 32.18917992, 35.58380651, 36.79745791]","[-0.00013853, -0.00067706, -0.00156294, -0.00156176, 0.00255676, -0.05183941]","[10757616, 25000515, 97667805, 97661072, 6053726892, 7954019819]"
2024-03-09 06:40:54,SHIBUSDT,3.613e-05,"['STRONG_BUY', 'STRONG_BUY', 'BUY', 'BUY', 'STRONG_BUY', 'STRONG_BUY']","[0.11086475, 1.46067416, 2.67197271, 2.70039795, 60.43516874, 187.65923567]","[57.47845994, 59.13743406, 59.3906687, 84.26641271, 92.12426559, 69.89637292]","[2.1e-07, 1.63e-06, 2.94e-06, 1.98e-05, 6.11e-06, -1.89e-06]","[115471894491, 438400681745, 3886591248585, 3886765853534.999, 326479720001721.9, 465625748653360.9]"
2024-03-09 06:42:47,APTUSDT,13.7272,"['STRONG_BUY', 'STRONG_BUY', 'STRONG_BUY', 'BUY', 'STRONG_BUY', 'STRONG_BUY']","[0.13942624, 1.02752077, 3.82290871, 3.76717511, 18.35425576, 17.20228134]","[81.55526342, 67.32744767, 59.27905639, 71.15689607, 74.51398128, 58.48160124]","[0.33703853, 0.15802118, 0.30356118, 2.96287176, 2.85489206, None]","[38397.46, 176119.52, 553628.64, 549788.44, 50826175.38999999, 68663214.21999998]"
2024-03-09 06:43:50,RNDRUSDT,10.792,"['STRONG_BUY', 'BUY', 'STRONG_BUY', 'BUY', 'STRONG_BUY', 'STRONG_BUY']","[1.7734176, 0.29748071, 3.24401914, 3.36174696, 42.78909764, 43.35812965]","[57.07123383, 66.21506655, 71.92134493, 79.22201302, 90.39826839, 75.76212286]","[0.28835882, 0.50363529, 1.80324706, 2.59451765, 3.30737941, None]","[292323.62, 661586.93, 3651238.88, 3649314.34, 112176211.04000042, 146147715.67000043]"
2024-03-09 06:44:28,GRTUSDT,0.3697,"['STRONG_BUY', 'STRONG_BUY', 'STRONG_BUY', 'STRONG_BUY', 'STRONG_BUY', 'STRONG_BUY']","[0.81788441, 1.98565913, 8.86075949, 8.86336867, 15.5673648, 31.37882018]","[72.75227349, 78.33672446, 69.80493042, 73.22882933, 86.66451919, 58.4825875]","[0.01919412, 0.00934559, 0.02383529, 0.07521765, 0.10405176, -0.11128324]","[2753779, 8093870, 43217895, 43225309, 1031731351, 1607019788]"
2024-03-09 07:01:02,USDCUSDT,0.9973,"['SELL', 'STRONG_SELL', 'SELL', 'SELL', 'STRONG_SELL', 'STRONG_SELL']","[0, 0, 0, -0.04009221, -0.22011006, -0.21012608]","[45.31635607, 40.61865487, 35.30846069, 32.18917992, 35.58380651, 36.79745791]","[-6.147e-05, -0.00068029, -0.00172971, -0.00156176, 0.00255676, -0.05183941]","[111308, 111308, 111308, 102752858, 6058818678, 7959111605]"
2024-03-09 07:04:01,XLMUSDT,0.143,"['BUY', 'STRONG_BUY', 'STRONG_BUY', 'STRONG_BUY', 'STRONG_BUY', 'BUY']","[0.14005602, 0.14005602, 0.14005602, 0.98870056, 5.37951363, 17.21311475]","[67.25435626, 60.92207825, 55.95266866, 66.73454177, 64.06770225, 50.7184572]","[0.00107794, 0.00048118, 0.00107118, 0.01820176, -0.00157059, -0.04278941]","[369612, 369612, 369612, 12651528, 1639593246, 2249240305]"
2024-03-09 07:04:53,GRTUSDT,0.3711,"['STRONG_BUY', 'BUY', 'BUY', 'STRONG_BUY', 'STRONG_BUY', 'STRONG_BUY']","[0.46033035, 0.46033035, 0.46033035, 9.27561837, 16.00500156, 31.87633262]","[73.70985269, 78.89489079, 70.13932625, 73.40539267, 86.73253587, 58.53410479]","[0.01951324, 0.01492676, 0.02920235, 0.07540529, 0.10423941, -0.11109559]","[2112076, 2112076, 2112076, 49028488, 1037534530, 1612822967]"
2024-03-09 07:21:21,USDCUSDT,0.9977,"['BUY', 'SELL', 'SELL', 'SELL', 'STRONG_SELL', 'STRONG_SELL']","[0.0300782, 0.04010829, 0.04010829, 0, -0.18009005, -0.17010206]","[55.22573485, 46.41966337, 40.12291001, 34.6145169, 37.21731373, 38.30265954]","[2.706e-05, -0.00062059, -0.00167, -0.00154471, 0.00255676, -0.05183941]","[4065090, 6312260, 6312260, 108954342, 6065020162, 7965313089]"
2024-03-09 07:23:42,APTUSDT,13.745,"['STRONG_BUY', 'STRONG_BUY', 'STRONG_BUY', 'BUY', 'STRONG_BUY', 'STRONG_BUY']","[0.38038082, 0.74373141, 0.74373141, 4.01912717, 18.53359084, 17.35425703]","[76.40042725, 68.04482515, 59.59284779, 71.31305231, 74.56355064, 58.5049543]","[0.37717059, 0.23731029, 0.33805647, 2.96491029, 2.85489206, None]","[22053.21, 38139.6, 38139.6, 629992.21, 50902533.77999999, 68740974.02]"
2024-03-09 07:24:29,XLMUSDT,0.1431,"['BUY', 'STRONG_BUY', 'STRONG_BUY', 'STRONG_BUY', 'STRONG_BUY', 'BUY']","[0.21008403, 0.21008403, 0.21008403, 1.05932203, 5.4532056, 17.29508197]","[68.25555911, 61.40863839, 56.10543598, 66.80020508, 64.10857423, 50.73415764]","[0.00118, 0.00048118, 0.00107118, 0.01821882, -0.00157059, -0.04278941]","[353041, 1479111, 1479111, 13761027, 1640702745, 2250349804]"
2024-03-09 07:41:47,USDCUSDT,0.9979,"['BUY', 'NEUTRAL', 'SELL', 'SELL', 'STRONG_SELL', 'STRONG_SELL']","[0, 0.07018951, 0.07018951, 0.02004611, -0.16008004, -0.15009005]","[60.66846144, 50.07739607, 43.28834031, 36.98836503, 38.09162929, 39.10240228]","[0.00015676, -0.00062059, -0.00167, -0.00154471, 0.00255676, -0.05183941]","[1847406, 12170615, 12170615, 114803219, 6070869039, 7971161966]"
2024-03-09 07:43:34,NEARUSDT,5.843,"['BUY', 'STRONG_BUY', 'STRONG_BUY', 'BUY', 'STRONG_BUY', 'STRONG_BUY']","[0.412442, 3.12389693, 3.12389693, 1.8121624, 31.8366426, 50.70931132]","[62.3324384, 67.56368447, 68.29479172, 75.17961679, 80.79892997, 60.911736]","[0.04008824, 0.21896176, 0.65909118, 1.48424412, 1.59143824, -1.65093824]","[394861.4, 907271.4, 907271.4, 5738757.8, 246935380.00000405, 326038172.000004]"
2024-03-09 07:44:43,XLMUSDT,0.1434,"['STRONG_BUY', 'STRONG_BUY', 'STRONG_BUY', 'STRONG_BUY', 'STRONG_BUY', 'BUY']","[0.1396648, 0.42016807, 0.42016807, 1.27118644, 5.6742815, 17.54098361]","[70.72560505, 62.79823848, 56.5574454, 66.99564879, 64.23063416, 50.78119901]","[0.00127941, 0.00049824, 0.00108824, 0.01823588, -0.00157059, -0.04278941]","[669651, 2305256, 2305256, 14591594, 1641533312, 2251180371]"
2024-03-09 07:44:57,RNDRUSDT,10.947,"['BUY', 'STRONG_BUY', 'STRONG_BUY', 'BUY', 'STRONG_BUY', 'STRONG_BUY']","[0.07315958, 1.78588038, 1.78588038, 4.84627909, 44.83990474, 45.41710946]","[60.16158689, 68.80378188, 73.03840565, 79.73692179, 90.57129127, 76.05379105]","[0.27302059, 0.57861176, 1.92780588, 2.59451765, 3.30737941, None]","[221990.9, 471982.45, 471982.45, 4246973.64, 112773870.34000042, 146745374.97000042]"
2024-03-09 07:45:38,GRTUSDT,0.375,"['BUY', 'STRONG_BUY', 'BUY', 'STRONG_BUY', 'STRONG_BUY', 'STRONG_BUY']","[-0.02665245, 1.57053886, 1.57053886, 10.42402827, 17.22413254, 33.26226013]","[71.95898299, 80.5570318, 71.19764999, 73.88518866, 86.91840362, 58.6769454]","[0.02282588, 0.01546412, 0.02973971, 0.07591706, 0.10475118, -0.11058382]","[186, 12912913, 12912913, 59839165, 1048345207, 1623633644]"
2024-03-09 08:02:07,USDCUSDT,0.9981,"['BUY', 'NEUTRAL', 'SELL', 'SELL', 'STRONG_SELL', 'STRONG_SELL']","[0, 0, 0.08021658, 0.04009221, -0.14007004, -0.13007805]","[62.43382105, 51.18813169, 44.27039746, 39.19588462, 39.00801225, 39.93625375]","[0.00042294, -0.00050029, -0.00165294, -0.00152765, 0.00255676, -0.05183941]","[1536542, 1536542, 23862144, 126519380, 6082555195, 7982878127]"
2024-03-09 08:22:06,USDCUSDT,0.998,"['BUY', 'NEUTRAL', 'SELL', 'SELL', 'STRONG_SELL', 'STRONG_SELL']","[0, -0.01001904, 0.07018951, 0.03006916, -0.15007504, -0.14008405]","[59.55512334, 49.99033206, 43.28834031, 38.11180383, 38.54437485, 39.51492948]","[0.00050265, -0.00051735, -0.00165294, -0.00152765, 0.00255676, -0.05183941]","[1415726, 7545640, 29871242, 132636686, 6088702506, 7988995433]"
2024-03-09 08:24:47,STXUSDT,2.8289,"['STRONG_SELL', 'STRONG_SELL', 'NEUTRAL', 'BUY', 'BUY', 'BUY']","[-0.12357012, -0.70202534, -0.7577618, -0.07417874, -7.14567058, -2.327107]","[45.52666827, 43.89219797, 47.43752024, 58.08983632, 80.37326037, 74.63475006]","[0.00794735, -0.03146735, -0.03476912, 0.30446, 1.38838647, 0.6729]","[47395.2, 117580.3, 313310.9, 1505409.1, 99666072.20000014, 135991150.90000015]"
2024-03-09 08:25:07,RNDRUSDT,11.173,"['STRONG_BUY', 'STRONG_BUY', 'STRONG_BUY', 'BUY', 'STRONG_BUY', 'STRONG_BUY']","[1.06507808, 0.99215297, 4.14845131, 7.19279762, 47.83011379, 48.41923486]","[66.26530993, 72.46245042, 74.67158408, 80.50072194, 90.81268139, 76.46669979]","[0.39616765, 0.69495588, 1.94042941, 2.59579706, 3.30865882, None]","[174957.25, 358862.6, 1035959.64, 4810284.02, 113342717.66000041, 147314222.29000044]"
2024-03-09 08:26:15,FETUSDT,2.8993,"['STRONG_BUY', 'BUY', 'STRONG_BUY', 'BUY', 'STRONG_BUY', 'STRONG_BUY']","[0.57817561, 0.04486936, 1.88758832, 5.60574051, 63.78375325, 97.08381483]","[58.61645625, 66.81343542, 69.67254905, 92.82301393, 93.25207015, 87.54683842]","[0.06353029, 0.18012794, 0.60018353, 1.19818794, 0.68969206, 0.54793794]","[432368, 1177632, 3495791, 18868957, 619286832.1, 906595644.2]"
2024-03-09 08:41:48,SOLUSDT,147.67,"['STRONG_BUY', 'STRONG_BUY', 'BUY', 'BUY', 'STRONG_BUY', 'STRONG_BUY']","[0.49006262, 0.44220695, 1.28979144, 1.98908764, 13.45267363, 17.49681731]","[63.86067354, 55.12179435, 60.63810411, 75.35205184, 78.83669729, 73.85254182]","[1.36917647, -0.10591176, 10.83414706, 22.51161765, 54.55482353, 28.61364706]","[32713.3, 126544.25, 276114.94, 1038874.01, 54756805.93999999, 73055059.82999998]"
2024-03-09 08:41:58,XRPUSDT,0.6298,"['STRONG_BUY', 'STRONG_BUY', 'STRONG_BUY', 'STRONG_BUY', 'STRONG_BUY', 'BUY']","[0.36647546, 0.54269753, 0.68734015, 1.58064516, 0.43055334, 7.34617351]","[68.56992903, 58.70340835, 53.79130549, 60.90305858, 57.94075775, 52.99799825]","[0.00373941, 0.00111529, -0.00386706, 0.05255588, -0.01759912, -0.00979176]","[4334995, 10834109, 21253931, 77487919, 4956270375, 7019760133]"
2024-03-09 08:42:06,USDCUSDT,0.998,"['BUY', 'NEUTRAL', 'SELL', 'SELL', 'STRONG_SELL', 'STRONG_SELL']","[0, -0.01001904, 0.07018951, 0.03006916, -0.15007504, -0.14008405]","[59.55512334, 49.99033206, 43.28834031, 38.11180383, 38.54437485, 39.51492948]","[0.00051912, -0.00051735, -0.00165294, -0.00152765, 0.00255676, -0.05183941]","[1804514, 11930209, 34255811, 137073423, 6093139243, 7993432170]"
2024-03-09 08:43:48,NEARUSDT,5.977,"['STRONG_BUY', 'STRONG_BUY', 'STRONG_BUY', 'BUY', 'STRONG_BUY', 'STRONG_BUY']","[2.446117, 2.5338127, 5.70067067, 4.14706395, 34.8601083, 54.16559195]","[69.5269999, 72.44041489, 70.49032102, 76.11007004, 81.28224899, 61.27369693]","[0.13406176, 0.25022353, 0.67052059, 1.49439412, 1.59143824, -1.65093824]","[1025748.9, 1583291.6, 2852423.6, 7672515.4, 248869137.600004, 327971929.60000396]"
2024-03-09 08:44:55,XLMUSDT,0.1433,"['STRONG_BUY', 'BUY', 'STRONG_BUY', 'STRONG_BUY', 'STRONG_BUY', 'BUY']","[0.42046251, -0.20891365, 0.35014006, 1.20056497, 5.60058954, 17.45901639]","[63.05267064, 61.34719727, 56.40781351, 66.93075707, 64.19003987, 50.76552854]","[0.00130971, 0.00088412, 0.00111382, 0.01826147, -0.00157059, -0.04278941]","[427312, 2336206, 5260068, 17548601, 1644490319, 2254137378]"
2024-03-09 08:45:09,RNDRUSDT,11.173,"['BUY', 'STRONG_BUY', 'STRONG_BUY', 'BUY', 'STRONG_BUY', 'STRONG_BUY']","[-0.78145813, 0.77568323, 3.92521626, 7.01082272, 47.83011379, 48.41923486]","[63.78778731, 72.14069817, 74.52578108, 80.4435541, 90.81268139, 76.46669979]","[0.46669706, 0.70493529, 1.95040882, 2.60577647, 3.31863824, None]","[252533.28, 736150.67, 1413247.71, 5191450, 113718346.70000042, 147689851.33000043]"
2024-03-09 08:45:46,GRTUSDT,0.3858,"['BUY', 'STRONG_BUY', 'STRONG_BUY', 'STRONG_BUY', 'STRONG_BUY', 'STRONG_BUY']","[0, 2.63227865, 4.52206878, 13.60424028, 20.60018756, 37.10021322]","[79.03985538, 84.11525041, 73.67783033, 75.12780292, 87.40695045, 59.06741654]","[0.02573, 0.02247324, 0.03076324, 0.07694059, 0.10577471, -0.10956029]","[292, 15100724, 30256445, 77240178, 1065746220, 1641034657]"
2024-03-09 08:46:20,FETUSDT,2.9257,"['BUY', 'STRONG_BUY', 'STRONG_BUY', 'BUY', 'STRONG_BUY', 'STRONG_BUY']","[0.61145272, 1.09067062, 2.95265211, 6.56734902, 65.27511016, 98.87839032]","[60.76183994, 68.48038233, 70.32536096, 92.93454763, 93.31928783, 87.645442]","[0.09812765, 0.18396618, 0.60402176, 1.19818794, 0.68969206, 0.54793794]","[85865, 2788276, 5106435, 20434418, 620852293.1, 908161105.2]"
2024-03-09 09:02:08,USDCUSDT,0.9979,"['NEUTRAL', 'SELL', 'SELL', 'SELL', 'STRONG_SELL', 'STRONG_SELL']","[0, 0, 0.05013537, 0.02004611, -0.16008004, -0.15009005]","[53.60197482, 47.75538497, 41.21659903, 36.98836503, 38.09162929, 39.10240228]","[0.00040618, -0.00042265, -0.00165294, -0.00152765, 0.00255676, -0.05183941]","[192390, 192390, 39120375, 141752352, 6097818172, 7998111099]"
2024-03-09 09:04:55,XLMUSDT,0.1431,"['STRONG_BUY', 'BUY', 'STRONG_BUY', 'STRONG_BUY', 'STRONG_BUY', 'BUY']","[0.06993007, 0.06993007, 0.21008403, 1.05932203, 5.4532056, 17.29508197]","[60.21927185, 59.69691572, 56.10543598, 66.80020508, 64.10857423, 50.73415764]","[0.00109088, 0.00117324, 0.00111382, 0.01826147, -0.00157059, -0.04278941]","[155772, 155772, 6122018, 18403934, 1645345652, 2254992711]"
2024-03-09 09:05:29,VETUSDT,0.04817,"['STRONG_BUY', 'STRONG_BUY', 'STRONG_BUY', 'STRONG_BUY', 'BUY', 'BUY']","[0.35416667, 0.35416667, 0.60568087, 1.81779751, -1.87410878, 0.85845896]","[67.11475669, 63.24447616, 53.51494465, 58.97109165, 77.76378585, 56.81014186]","[0.00042638, 0.00033571, -0.00041191, 0.00477806, 0.01716559, -0.01352171]","[836185, 836185, 23119455.70000001, 82280370.10000043, 4298005484.700005, 5909851588.600003]"
2024-03-09 09:05:45,GRTUSDT,0.3975,"['BUY', 'BUY', 'STRONG_BUY', 'STRONG_BUY', 'STRONG_BUY', 'STRONG_BUY']","[-0.3006012, -0.70140281, 7.77145952, 17.04946996, 24.25758049, 41.25799574]","[81.85933779, 83.53209792, 75.95710586, 76.34706372, 87.89663207, 59.48218399]","[0.02925529, 0.03151353, 0.03161618, 0.07779353, 0.10662765, -0.10870735]","[4424580, 4611179, 46741532, 93744505, 1082250547, 1657538984]"
2024-03-09 09:21:47,SOLUSDT,148.72,"['STRONG_BUY', 'STRONG_BUY', 'BUY', 'BUY', 'STRONG_BUY', 'STRONG_BUY']","[0.1886157, 0.34438517, 2.03759605, 2.71427585, 14.25937308, 18.33227244]","[70.60919906, 57.48157751, 61.63696203, 75.80756102, 79.01272807, 73.98609345]","[1.92935294, 0.52202941, 10.92029412, 22.59776471, 54.55482353, 28.61364706]","[16087.25, 58022.35, 385862.16, 1148865.35, 54866797.27999999, 73165051.16999997]"
2024-03-09 09:22:04,USDCUSDT,0.9977,"['NEUTRAL', 'SELL', 'SELL', 'SELL', 'STRONG_SELL', 'STRONG_SELL']","[-0.01002104, 0, 0.05013537, 0, -0.18009005, -0.17010206]","[53.03539485, 47.75538497, 41.21659903, 34.6145169, 37.21731373, 38.30265954]","[0.00031382, -0.00043971, -0.00165294, -0.00152765, 0.00255676, -0.05183941]","[3529694, 6143371, 45071356, 147655500, 6103721320, 8004014247]"
2024-03-09 09:22:11,ADAUSDT,0.7348,"['STRONG_BUY', 'STRONG_BUY', 'BUY', 'STRONG_BUY', 'STRONG_BUY', 'STRONG_BUY']","[0.35528833, 0.3827228, 0.82372323, 1.61892902, 0.94793241, 12.23461127]","[64.6010181, 55.96222352, 51.58194878, 63.37535639, 74.82179606, 56.78929006]","[0.00485559, -0.00173353, -0.01324618, 0.10159, 0.20443147, -0.24779941]","[662242.8, 1278385.9, 9765211.6, 23722555.20000001, 1769938438.5000033, 2500566151.8000045]"
2024-03-09 09:23:45,NEARUSDT,6.171,"['STRONG_BUY', 'STRONG_BUY', 'STRONG_BUY', 'STRONG_BUY', 'STRONG_BUY', 'STRONG_BUY']","[2.54491018, 2.49376559, 8.98340981, 7.52744381, 39.23736462, 59.16946092]","[75.36273574, 76.8976552, 72.88262499, 77.33989936, 81.94038241, 61.78600905]","[0.22211765, 0.3153, 0.68502059, 1.50880882, 1.59143824, -1.65093824]","[640178.1, 1080478.6, 4806483.4, 9624120, 250820742.200004, 329923534.200004]"
2024-03-09 09:24:15,IMXUSDT,3.4444,"['STRONG_BUY', 'STRONG_BUY', 'STRONG_BUY', 'STRONG_BUY', 'BUY', 'BUY']","[0.89942285, 1.77304965, 2.03235172, 2.08351857, 3.76886693, 7.77895988]","[67.27922313, 61.58035184, 62.51084905, 61.47232453, 80.25948107, 64.95804517]","[0.02633618, 0.02354735, 0.16983971, 0.12148382, 1.59587765, None]","[86187.08, 132584.41, 669731.07, 1356917.03, 42901017.70000001, 57262490.40999999]"
2024-03-09 09:25:24,VETUSDT,0.04823,"['STRONG_BUY', 'STRONG_BUY', 'STRONG_BUY', 'STRONG_BUY', 'BUY', 'BUY']","[0.06225358, 0.45833333, 0.7101086, 1.94462059, -1.75188429, 0.9840871]","[68.32815981, 63.94501779, 53.74566739, 59.07946162, 77.90039385, 56.83298186]","[0.00044438, 0.00034338, -0.00040424, 0.00478574, 0.01716559, -0.01352171]","[1619521.6, 4752870.5, 27036141.20000001, 86249870.70000052, 4301974985.300004, 5913821089.200004]"
2024-03-09 09:25:41,GRTUSDT,0.3962,"['BUY', 'BUY', 'STRONG_BUY', 'STRONG_BUY', 'STRONG_BUY', 'STRONG_BUY']","[-2.07561156, -0.72645291, 7.31112916, 16.66666667, 23.8512035, 40.7960199]","[73.37245684, 83.4129377, 75.65850569, 76.21752578, 87.84411178, 59.43651428]","[0.03295647, 0.03212765, 0.03228147, 0.07845882, 0.10729294, -0.10804206]","[7263571, 18845053, 61162005, 108182064, 1096688106, 1671976543]"
2024-03-09 09:26:15,FETUSDT,2.9772,"['BUY', 'STRONG_BUY', 'STRONG_BUY', 'BUY', 'STRONG_BUY', 'STRONG_BUY']","[0.26301592, 1.27729146, 4.51685472, 8.4432141, 68.18438595, 102.37917205]","[64.41555703, 70.77597208, 71.2347256, 93.14243925, 93.44663252, 87.83336794]","[0.11661735, 0.21040059, 0.60598353, 1.19949294, 0.69099706, 0.54924294]","[764774, 1556040, 7252487, 22661733, 623079608.1, 910388420.2]"
2024-03-09 09:42:02,USDCUSDT,0.9977,"['BUY', 'SELL', 'SELL', 'SELL', 'STRONG_SELL', 'STRONG_SELL']","[0, 0, 0.05013537, 0, -0.18009005, -0.17010206]","[53.03539485, 47.75538497, 41.21659903, 34.6145169, 37.21731373, 38.30265954]","[0.00024735, -0.00043971, -0.00165294, -0.00152765, 0.00255676, -0.05183941]","[1892369, 9117444, 48045429, 150694113, 6106759933, 8007052860]"
2024-03-09 09:43:42,NEARUSDT,6.083,"['BUY', 'STRONG_BUY', 'STRONG_BUY', 'STRONG_BUY', 'STRONG_BUY', 'STRONG_BUY']","[-0.91027308, 1.34663342, 7.58912813, 5.99407562, 37.25180505, 56.89966469]","[69.41641145, 75.31584231, 71.91561505, 76.79810515, 81.64767596, 61.55530995]","[0.26921765, 0.31632353, 0.68527647, 1.50915, 1.59143824, -1.65093824]","[499805.3, 1909416.3, 5595727.6, 10440707.7, 251637329.900004, 330740121.90000397]"
2024-03-09 09:44:13,IMXUSDT,3.469,"['STRONG_BUY', 'STRONG_BUY', 'STRONG_BUY', 'STRONG_BUY', 'BUY', 'BUY']","[0.74659385, 2.4822695, 2.74337856, 2.81260188, 4.50998705, 8.5487202]","[70.89328422, 63.69567611, 63.57897446, 62.05135672, 80.44448028, 65.12595061]","[0.04166441, 0.02610618, 0.17239853, 0.12404265, 1.59833412, None]","[310313.15, 461972.96, 999119.62, 1685241.41, 43229342.08, 57590814.78999998]"
2024-03-09 09:44:24,OPUSDT,4.583,"['STRONG_BUY', 'STRONG_BUY', 'BUY', 'BUY', 'STRONG_BUY', 'STRONG_BUY']","[0.21867483, 0.52643123, 0.19676432, 2.20785013, 14.91975928, 23.86486486]","[66.99826258, 55.90370761, 56.7699788, 67.05942338, 75.84450157, 71.65615105]","[0.03916765, -0.01417941, 0.13033235, 0.70305, 1.57562353, None]","[170281.79, 348286.86, 1320731.04, 3150337.12, 231497908.9100044, 305686058.55000424]"
2024-03-09 09:44:44,STXUSDT,2.8294,"['STRONG_SELL', 'STRONG_SELL', 'NEUTRAL', 'BUY', 'BUY', 'BUY']","[-0.25390556, -0.35931941, -0.66304157, -0.05651713, -7.12925885, -2.30984359]","[44.59052212, 43.59806306, 47.64265805, 58.11294701, 80.39041242, 74.6444977]","[0.00257647, -0.02618676, -0.03476912, 0.30446, 1.38838647, 0.6729]","[86443.3, 263020.7, 863844.3, 2055152.2, 100215815.30000015, 136540894.00000015]"
2024-03-09 09:45:57,GRTUSDT,0.4009,"['BUY', 'STRONG_BUY', 'STRONG_BUY', 'STRONG_BUY', 'STRONG_BUY', 'STRONG_BUY']","[0.02497502, 0.3256513, 8.44841592, 18.05064782, 25.32041263, 42.46624023]","[73.89925841, 87.2590425, 76.38315123, 76.6792774, 88.03187114, 59.60114308]","[0.03562971, 0.03201676, 0.03228147, 0.07845882, 0.10729294, -0.10804206]","[43521, 25850978, 68167930, 115164290, 1103670332, 1678958769]"
2024-03-09 09:46:22,THETAUSDT,3.208,"['STRONG_BUY', 'STRONG_BUY', 'BUY', 'BUY', 'STRONG_BUY', 'STRONG_BUY']","[0.18755861, 0.72281584, 2.23285486, 5.05249344, 34.39463762, 74.15852334]","[73.90569484, 65.6949606, 63.96135651, 91.1813434, 88.72454135, 62.10223344]","[0.10803529, 0.06986765, 0.23242941, 1.36923824, 0.66287941, -1.02647059]","[23921.3, 533497.9, 1870905.5, 4212371.2, 160225629.5000019, 234750488.80000195]"
2024-03-09 10:21:30,USDCUSDT,0.9977,"['SELL', 'SELL', 'SELL', 'STRONG_SELL', 'STRONG_SELL']","[-0.02004209, 0.04010829, 0, -0.18009005, -0.17010206]","[46.6229383, 40.12291001, 34.6145169, 37.21731373, 38.30265954]","[-0.00034206, -0.00165294, -0.00152765, 0.00255676, -0.05183941]","[5759222, 59414253, 162112335, 6118178155, 8018471082]"
2024-03-09 10:23:17,USDCUSDT,0.9977,"['SELL', 'SELL', 'SELL', 'STRONG_SELL', 'STRONG_SELL']","[-0.02004209, 0.04010829, 0, -0.18009005, -0.17010206]","[46.6229383, 40.12291001, 34.6145169, 37.21731373, 38.30265954]","[-0.00034206, -0.00165294, -0.00152765, 0.00255676, -0.05183941]","[6662529, 60317560, 162988896, 6119054716, 8019347643]"
2024-03-09 10:23:29,ADAUSDT,0.7361,"['STRONG_BUY', 'STRONG_BUY', 'STRONG_BUY', 'STRONG_BUY', 'STRONG_BUY']","[0.58711087, 1.1394838, 1.85415802, 1.12652837, 12.4331755]","[58.49696055, 52.29423703, 63.57287718, 74.88444219, 56.82533535]","[0.00022765, -0.01297324, 0.10186294, 0.20443147, -0.24779941]","[1842453.8, 14816128.1, 28802842.20000004, 1774954810.1000035, 2505582523.4000044]"
2024-03-09 10:41:39,USDCUSDT,0.9978,"['SELL', 'SELL', 'SELL', 'STRONG_SELL', 'STRONG_SELL']","[-0.01002104, 0.05013537, 0.01002305, -0.17008504, -0.16009606]","[47.77408742, 41.21659903, 35.82338521, 37.64939623, 38.69839947]","[-0.00034206, -0.00165294, -0.00152765, 0.00255676, -0.05183941]","[10641462, 64296493, 166908737, 6123405175, 8023698102]"
2024-03-09 10:41:51,ADAUSDT,0.7388,"['STRONG_BUY', 'STRONG_BUY', 'STRONG_BUY', 'STRONG_BUY', 'STRONG_BUY']","[0.80557073, 1.42778693, 2.22775702, 1.49745844, 12.84557813]","[60.00474048, 52.92652683, 63.88224489, 75.01356239, 56.90000684]","[0.00033, -0.01287088, 0.10196529, 0.20443147, -0.24779941]","[3549283.7, 16600665.8, 30555426.70000005, 1776707394.6000035, 2507335107.900005]"
2024-03-09 11:00:57,USDCUSDT,0.9979,"['SELL', 'SELL', 'SELL', 'STRONG_SELL', 'STRONG_SELL']","[0, 0, 0.02004611, -0.16008004, -0.15009005]","[50.24314914, 43.28834031, 36.98836503, 38.09162929, 39.10240228]","[-0.00020588, -0.00104735, -0.00152765, 0.00255676, -0.05183941]","[562873, 562873, 172336841, 6128608586, 8028901513]"
2024-03-09 11:19:24,USDCUSDT,0.998,"['SELL', 'SELL', 'SELL', 'STRONG_SELL', 'STRONG_SELL']","[0, 0, 0.03006916, -0.15007504, -0.14008405]","[50.24314914, 43.28834031, 38.11180383, 38.54437485, 39.51492948]","[-0.00019735, -0.00103882, -0.00152765, 0.00255676, -0.05183941]","[6012233, 6012233, 177950705, 6134016525, 8034309452]"
